[{"model": "auth.group", "pk": 1, "fields": {"name": "Ram", "permissions": [1, 2, 3, 4, 9, 10, 11, 12, 5, 6, 7, 8, 21, 22, 23, 24, 25, 26, 27, 28, 13, 14, 15, 16, 17, 18, 19, 20, 33, 34, 35, 36, 29, 30, 31, 32, 41, 42, 43, 44, 37, 38, 39, 40]}}, {"model": "visitorapi.hruser", "pk": 6, "fields": {"password": "pbkdf2_sha256$1000000$OezNWpF5N6rsHzUsWCAvYi$slnN5COl2eVoycIpqiMnU9NQqc9JVDjNb77aXtANp2I=", "last_login": "2025-07-18T05:13:56.522Z", "is_superuser": true, "username": "RSK", "first_name": "", "last_name": "", "email": "kherrajveersinh1012@gmail.com", "is_staff": true, "is_active": true, "date_joined": "2025-07-02T05:23:31.882Z", "user_type": "HR", "department": "", "employee_id": "", "phone": "", "groups": [], "user_permissions": []}}, {"model": "visitorapi.hruser", "pk": 8, "fields": {"password": "pbkdf2_sha256$1000000$bR9wugCj2YJcxVEpUG4asj$IkGKYpx0LXZdJSpfb8HxPV8BB5ilWtyTIih9OgzAQWU=", "last_login": "2025-07-17T13:29:18.356Z", "is_superuser": false, "username": "Ram", "first_name": "", "last_name": "", "email": "kherrajveersinh1017@gmail.com", "is_staff": false, "is_active": true, "date_joined": "2025-07-03T08:23:28.206Z", "user_type": "HOS", "department": "Security", "employee_id": "HOS001", "phone": "1234567890", "groups": [], "user_permissions": []}}, {"model": "visitorapi.hruser", "pk": 11, "fields": {"password": "pbkdf2_sha256$870000$3cKUMdYChsVDHSQoxaHLVL$DZEhMBFLLan8BSLZrfBfYLN08zuvwAtP2iTLIas6GW8=", "last_login": "2025-07-05T07:03:42.144Z", "is_superuser": false, "username": "Farhan", "first_name": "", "last_name": "", "email": "farhanshaikh503@gmail.com", "is_staff": false, "is_active": true, "date_joined": "2025-07-05T07:03:15.263Z", "user_type": "REGISTRATION", "department": "", "employee_id": "REG-889724", "phone": "", "groups": [], "user_permissions": []}}, {"model": "visitorapi.hruser", "pk": 12, "fields": {"password": "pbkdf2_sha256$870000$LRwMOGeO0ZO5JFWpn8aNKc$uu+q0ofMvHPLv3Drnf6FZzV5cXv9VmYfZZwLasIeFFk=", "last_login": "2025-07-05T07:09:57.023Z", "is_superuser": false, "username": "sagar.patel", "first_name": "", "last_name": "", "email": "sagar.patel@godrejinds.com", "is_staff": false, "is_active": true, "date_joined": "2025-07-05T07:09:20.972Z", "user_type": "REGISTRATION", "department": "", "employee_id": "REG-428814", "phone": "", "groups": [], "user_permissions": []}}, {"model": "visitorapi.hruser", "pk": 13, "fields": {"password": "pbkdf2_sha256$870000$8jfKNL1QWk0Zu9oM07u5Ct$Qeni/B3zOunpzDyaWEkpDBwgBGlFC6cMnwGxpgkqrYc=", "last_login": "2025-07-05T07:35:19.432Z", "is_superuser": false, "username": "Security Gate 1", "first_name": "", "last_name": "", "email": "security.valia@godrejinds.com", "is_staff": false, "is_active": true, "date_joined": "2025-07-05T07:34:32.887Z", "user_type": "REGISTRATION", "department": "", "employee_id": "REG-200838", "phone": "", "groups": [], "user_permissions": []}}, {"model": "visitorapi.hruser", "pk": 14, "fields": {"password": "pbkdf2_sha256$1000000$fKywLWvvprEG5I9UMBxRmT$oXUFkSk6oPl/an7bJxwIDiiuO74tQQDskg6/fAJDyDs=", "last_login": "2025-07-18T05:13:07.334Z", "is_superuser": false, "username": "reguser1", "first_name": "", "last_name": "", "email": "kherrajveersinh1012@gmail.com", "is_staff": false, "is_active": true, "date_joined": "2025-07-06T11:05:23.592Z", "user_type": "REGISTRATION", "department": "", "employee_id": "REG-565598", "phone": "", "groups": [], "user_permissions": []}}, {"model": "visitorapi.hruser", "pk": 15, "fields": {"password": "pbkdf2_sha256$1000000$hpxgYEOqM1mbZMpKrWUcMW$hjHiLSz4wKeJtwLpwh3I3hMxbzewd6b/l1D6MXbfOso=", "last_login": "2025-07-07T06:34:50.953Z", "is_superuser": false, "username": "zeel.bhatt", "first_name": "", "last_name": "", "email": "zeel.bhatt@godrejinds.com", "is_staff": false, "is_active": true, "date_joined": "2025-07-07T06:34:22.306Z", "user_type": "REGISTRATION", "department": "", "employee_id": "REG-482761", "phone": "", "groups": [], "user_permissions": []}}, {"model": "visitorapi.hruser", "pk": 20, "fields": {"password": "", "last_login": null, "is_superuser": false, "username": "testhost", "first_name": "Test", "last_name": "Host", "email": "testhost@example.com", "is_staff": false, "is_active": true, "date_joined": "2025-07-14T04:27:01.449Z", "user_type": "HR", "department": "IT", "employee_id": "HOST001", "phone": "9876543210", "groups": [], "user_permissions": []}}, {"model": "visitorapi.hruser", "pk": 21, "fields": {"password": "", "last_login": null, "is_superuser": false, "username": "multihost", "first_name": "Multi", "last_name": "Host", "email": "multihost@example.com", "is_staff": false, "is_active": true, "date_joined": "2025-07-14T04:37:46.893Z", "user_type": "HR", "department": "IT", "employee_id": "MULTI001", "phone": "9876543210", "groups": [], "user_permissions": []}}, {"model": "visitorapi.hruser", "pk": 22, "fields": {"password": "", "last_login": null, "is_superuser": false, "username": "scenariohost", "first_name": "Scenario", "last_name": "Host", "email": "scenariohost@example.com", "is_staff": false, "is_active": true, "date_joined": "2025-07-14T04:37:46.959Z", "user_type": "HR", "department": "IT", "employee_id": "SCENARIO001", "phone": "4444444444", "groups": [], "user_permissions": []}}, {"model": "visitorapi.visitor", "pk": 1, "fields": {"first_name": "qpqpq", "last_name": "qpqpqp", "email": "202301040233@mitaoe.ac.in", "phone": "3744636382", "company": "zmzmz", "id_proof_type": "Aadhaar Card", "id_proof_number": "636366363636", "photo": "visitor_photos/visitor_photo_Qqxjiyt.png", "created_at": "2025-06-24T10:28:52.366Z", "updated_at": "2025-07-18T05:39:22.334Z"}}, {"model": "visitorapi.visitor", "pk": 2, "fields": {"first_name": "AAAASSS", "last_name": " CCC", "email": "dfdfzdf@f", "phone": "8323456", "company": "124", "id_proof_type": "Passport", "id_proof_number": "34555555", "photo": "", "created_at": "2025-06-25T06:24:20.853Z", "updated_at": "2025-06-27T08:27:04.639Z"}}, {"model": "visitorapi.visitor", "pk": 3, "fields": {"first_name": "Aditya", "last_name": "Kohinoorkar", "email": "202301040257@mitaoe.ac.in", "phone": "09665110375", "company": "MITAOE", "id_proof_type": "PAN Card", "id_proof_number": "4887954747", "photo": "visitor_photos/moneypills2_medium_qGwNf3T.avif", "created_at": "2025-06-26T05:50:18.759Z", "updated_at": "2025-07-07T21:58:01.319Z"}}, {"model": "visitorapi.visitor", "pk": 4, "fields": {"first_name": "fdsffs", "last_name": "sddff", "email": null, "phone": "0832034567", "company": "124", "id_proof_type": "Adhar Card", "id_proof_number": "123456789", "photo": "visitor_photos/WhatsApp_Image_2025-06-25_at_11_viqmwzs.01.42_d300638e.jpg", "created_at": "2025-06-26T08:28:00.257Z", "updated_at": "2025-06-26T08:28:00.257Z"}}, {"model": "visitorapi.visitor", "pk": 7, "fields": {"first_name": "admin", "last_name": "ADSA", "email": "ASD2@SDGF", "phone": "DFS", "company": "SDF", "id_proof_type": "Passport", "id_proof_number": "123", "photo": "visitor_photos/08e4298f9d6a2ab976ed970be8a15631.jpg", "created_at": "2025-06-26T13:18:13.145Z", "updated_at": "2025-06-27T05:10:44.227Z"}}, {"model": "visitorapi.visitor", "pk": 8, "fields": {"first_name": "FARHAN ", "last_name": "SHAIKH", "email": "farhanshaikh503@gmail.com", "phone": "8200210156", "company": "IT ", "id_proof_type": "Aadhaar Card", "id_proof_number": "222222222288", "photo": "visitor_photos/Screenshot_2025-07-07_193535.png", "created_at": "2025-07-01T04:18:16.670Z", "updated_at": "2025-07-10T05:51:37.050Z"}}, {"model": "visitorapi.visitor", "pk": 9, "fields": {"first_name": "sayu", "last_name": "kher", "email": "kherrajveersinh1017@gmail.com", "phone": "878667779", "company": "uggifyy", "id_proof_type": "PAN Card", "id_proof_number": "2332323223", "photo": "visitor_photos/visitor_photo_iDuyShp.png", "created_at": "2025-07-01T11:11:30.978Z", "updated_at": "2025-07-14T17:34:51.431Z"}}, {"model": "visitorapi.visitor", "pk": 11, "fields": {"first_name": "rajabhai", "last_name": "kher", "email": "kherrajveersinh1012@gmail.com", "phone": "6736737377", "company": "bhdbgdu", "id_proof_type": "Voter ID", "id_proof_number": "7657565565", "photo": "", "created_at": "2025-07-04T06:59:53.206Z", "updated_at": "2025-07-15T08:47:15.187Z"}}, {"model": "visitorapi.visitor", "pk": 12, "fields": {"first_name": "shakir ", "last_name": "PATEL", "email": "shakirpatel07@gmail.com", "phone": "12345678910", "company": "IT", "id_proof_type": "Aadhaar Card", "id_proof_number": "233232322388", "photo": "visitor_photos/Screenshot_2025-07-07_201652.png", "created_at": "2025-07-05T07:06:10.872Z", "updated_at": "2025-07-10T05:52:56.263Z"}}, {"model": "visitorapi.visitor", "pk": 13, "fields": {"first_name": "salman ", "last_name": "shaikh ", "email": "imfaran143@gmail.com", "phone": "9316216096", "company": "IT ", "id_proof_type": "Aadhaar Card", "id_proof_number": "123456789101", "photo": "", "created_at": "2025-07-05T07:11:20.251Z", "updated_at": "2025-07-18T05:13:42.013Z"}}, {"model": "visitorapi.visitor", "pk": 14, "fields": {"first_name": "Binal ", "last_name": "Patel", "email": "hr.valia@godrejinds.com", "phone": "9409356923", "company": "old apprentice ", "id_proof_type": "Aadhaar Card", "id_proof_number": "233232322334", "photo": "visitor_photos/Screenshot_2025-07-08_211040.png", "created_at": "2025-07-07T06:25:15.080Z", "updated_at": "2025-07-08T17:46:20.325Z"}}, {"model": "visitorapi.visitor", "pk": 15, "fields": {"first_name": "Test", "last_name": "Visitor", "email": "testvisitor@example.com", "phone": "9999999999", "company": "TestCorp", "id_proof_type": "Passport", "id_proof_number": "A1234567", "photo": "", "created_at": "2025-07-07T18:32:54.090Z", "updated_at": "2025-07-07T18:32:54.090Z"}}, {"model": "visitorapi.visitor", "pk": 16, "fields": {"first_name": "Shirish", "last_name": "Patel", "email": null, "phone": "8320131346", "company": "ISHAN ", "id_proof_type": "Aadhaar Card", "id_proof_number": "121232323232", "photo": "visitor_photos/Screenshot_2025-07-07_112830.png", "created_at": "2025-07-08T08:32:31.896Z", "updated_at": "2025-07-14T16:08:26.558Z"}}, {"model": "visitorapi.visitor", "pk": 17, "fields": {"first_name": "gydefsd", "last_name": "sdgsd", "email": "fwefbi@bhijfhoue", "phone": "09409333322", "company": "jbif ueidhuef", "id_proof_type": "PAN Card", "id_proof_number": "8965874394", "photo": "visitor_photos/Screenshot_2025-07-07_141014.png", "created_at": "2025-07-13T08:59:03.173Z", "updated_at": "2025-07-13T08:59:03.173Z"}}, {"model": "visitorapi.visitor", "pk": 18, "fields": {"first_name": "jhjvn", "last_name": "uieow", "email": "hmingeowb@imyefe", "phone": "232323244242", "company": "iiiiidfsrrf", "id_proof_type": "PAN Card", "id_proof_number": "8748748738", "photo": "visitor_photos/Screenshot_2025-07-07_192757.png", "created_at": "2025-07-13T12:10:50.601Z", "updated_at": "2025-07-13T12:10:50.601Z"}}, {"model": "visitorapi.visitor", "pk": 19, "fields": {"first_name": "munna123", "last_name": "bhai", "email": "maruemailj@nathi", "phone": "2121314123", "company": "mane nathi khaber", "id_proof_type": "Aadhaar Card", "id_proof_number": "233232322366", "photo": "", "created_at": "2025-07-13T12:46:14.300Z", "updated_at": "2025-07-13T12:48:29.370Z"}}, {"model": "visitorapi.visitor", "pk": 20, "fields": {"first_name": "viraj", "last_name": "kher", "email": "amjdnndn@nnnn", "phone": "23232434434", "company": "DDU", "id_proof_type": "Passport", "id_proof_number": "22333333", "photo": "", "created_at": "2025-07-13T13:31:41.774Z", "updated_at": "2025-07-13T13:31:41.774Z"}}, {"model": "visitorapi.visitor", "pk": 21, "fields": {"first_name": "Raa", "last_name": "veer", "email": "kherrajveersiwenh1017@gmail.com", "phone": "8846884878833", "company": "vms", "id_proof_type": "Passport", "id_proof_number": "23323232", "photo": "visitor_photos/Screenshot_2025-07-06_175222.png", "created_at": "2025-07-13T13:42:32.305Z", "updated_at": "2025-07-14T10:03:56.566Z"}}, {"model": "visitorapi.visitor", "pk": 22, "fields": {"first_name": "qweer", "last_name": "tyuiop", "email": "qwert@yuiop", "phone": "9234567890", "company": "qrtpo", "id_proof_type": "Passport", "id_proof_number": "55636533", "photo": "", "created_at": "2025-07-13T13:56:22.673Z", "updated_at": "2025-07-13T13:56:22.673Z"}}, {"model": "visitorapi.visitor", "pk": 23, "fields": {"first_name": "asdfg", "last_name": "hjkl", "email": "asdfg@hjkl", "phone": "908766567456", "company": "lkgfa", "id_proof_type": "Passport", "id_proof_number": "23323237", "photo": "", "created_at": "2025-07-13T13:57:59.071Z", "updated_at": "2025-07-13T13:57:59.071Z"}}, {"model": "visitorapi.visitor", "pk": 24, "fields": {"first_name": "zxcvvb", "last_name": "nbmbnm", "email": "xzcvcvz@nmn", "phone": "094093569798", "company": "old apprene", "id_proof_type": "Passport", "id_proof_number": "23323297", "photo": "", "created_at": "2025-07-13T14:15:36.617Z", "updated_at": "2025-07-13T14:15:36.617Z"}}, {"model": "visitorapi.visitor", "pk": 25, "fields": {"first_name": "Test", "last_name": "Visitor", "email": null, "phone": "1234567890", "company": "Test Company", "id_proof_type": "Passport", "id_proof_number": "TEST123", "photo": "", "created_at": "2025-07-14T04:27:01.441Z", "updated_at": "2025-07-14T04:27:01.441Z"}}, {"model": "visitorapi.visitor", "pk": 26, "fields": {"first_name": "MultiDay", "last_name": "Visitor", "email": null, "phone": "1234567890", "company": "Test Company", "id_proof_type": "Passport", "id_proof_number": "MULTI123", "photo": "", "created_at": "2025-07-14T04:37:46.879Z", "updated_at": "2025-07-14T04:37:46.879Z"}}, {"model": "visitorapi.visitor", "pk": 27, "fields": {"first_name": "Scenario", "last_name": "Visitor", "email": null, "phone": "5555555555", "company": "Scenario Company", "id_proof_type": "Driver License", "id_proof_number": "SCENARIO123", "photo": "", "created_at": "2025-07-14T04:37:46.949Z", "updated_at": "2025-07-14T04:37:46.949Z"}}, {"model": "visitorapi.visitor", "pk": 28, "fields": {"first_name": "kubh", "last_name": "karn", "email": "xzcvcvz@n767", "phone": "940935697454", "company": "old appre", "id_proof_type": "Driver's License", "id_proof_number": "863487477487658", "photo": "", "created_at": "2025-07-14T10:21:55.072Z", "updated_at": "2025-07-14T10:21:55.072Z"}}, {"model": "visitorapi.visitor", "pk": 29, "fields": {"first_name": "wefe", "last_name": "sadfas", "email": "sadfdsaf@gfdfsg", "phone": "3412123412", "company": "fdgwerw", "id_proof_type": "PAN Card", "id_proof_number": "3756484555", "photo": "visitor_photos/visitor_photo.png", "created_at": "2025-07-14T16:11:25.421Z", "updated_at": "2025-07-14T16:36:50.382Z"}}, {"model": "visitorapi.visitor", "pk": 30, "fields": {"first_name": "bhjf", "last_name": "jfufg", "email": "ufutff@thdfjd", "phone": "6758", "company": "jgiug", "id_proof_type": "Driver's License", "id_proof_number": "2332327688", "photo": "", "created_at": "2025-07-14T17:31:38.917Z", "updated_at": "2025-07-14T17:31:38.917Z"}}, {"model": "visitorapi.visitor", "pk": 31, "fields": {"first_name": "qaz", "last_name": "zaq", "email": "alskdjfh@djdkdk", "phone": "833876282", "company": "mioene", "id_proof_type": "PAN Card", "id_proof_number": "0999889898", "photo": "visitor_photos/visitor_photo_mEXxV3E.png", "created_at": "2025-07-15T04:47:43.658Z", "updated_at": "2025-07-15T04:48:31.783Z"}}, {"model": "visitorapi.visitor", "pk": 32, "fields": {"first_name": "karan", "last_name": "patel", "email": "kherrajveersin1017@gmail.com", "phone": "8320387878", "company": "mane", "id_proof_type": "Aadhaar Card", "id_proof_number": "844747484848", "photo": "visitor_photos/visitor_photo_hmNEbzd.png", "created_at": "2025-07-15T07:13:37.412Z", "updated_at": "2025-07-15T07:15:14.918Z"}}, {"model": "visitorapi.visitor", "pk": 33, "fields": {"first_name": "yash", "last_name": "patil", "email": "kherrajveersinh1017@gamil.com", "phone": "8798797878", "company": "MITAOE", "id_proof_type": "PAN Card", "id_proof_number": "2344444333", "photo": "visitor_photos/Screenshot_2025-07-06_165324.png", "created_at": "2025-07-15T07:54:21.854Z", "updated_at": "2025-07-15T07:54:21.854Z"}}, {"model": "visitorapi.visitor", "pk": 34, "fields": {"first_name": "Rajan", "last_name": "kher", "email": "kjkhidshfi@Hgigh", "phone": "78687687", "company": "guyhby", "id_proof_type": "PAN Card", "id_proof_number": "2233565565", "photo": "visitor_photos/visitor_photo_6PXpMKq.png", "created_at": "2025-07-15T07:56:10.045Z", "updated_at": "2025-07-15T08:00:50.255Z"}}, {"model": "visitorapi.visitor", "pk": 35, "fields": {"first_name": "harsh", "last_name": "dobariya", "email": "harshdobariya3838@gmail.com", "phone": "8989898989", "company": "changa", "id_proof_type": "PAN Card", "id_proof_number": "7767767676", "photo": "visitor_photos/visitor_photo_aCBG7Zz.png", "created_at": "2025-07-17T13:26:12.417Z", "updated_at": "2025-07-17T13:30:47.608Z"}}, {"model": "visitorapi.visitrequest", "pk": 36, "fields": {"visitor": 1, "host": 6, "purpose": "Safety Training", "other_purpose": "", "visit_date": "2025-07-02", "start_time": null, "end_time": "17:30:00", "status": "REJECTED", "allow_mobile": true, "allow_laptop": false, "approved_by": null, "created_at": "2025-07-02T16:25:57.757Z", "updated_at": "2025-07-03T06:09:49.041Z", "requestedByEmployee": false, "reference_employee_name": null, "reference_employee_department": null, "reference_purpose": null, "created_by": null, "checkin_time": null, "checkout_time": null, "checkout_by_hr": false, "valid_upto": null, "day_1_checkin": null, "day_1_checkout": null, "day_2_checkin": null, "day_2_checkout": null, "day_3_checkin": null, "day_3_checkout": null, "day_4_checkin": null, "day_4_checkout": null, "day_5_checkin": null, "day_5_checkout": null, "day_6_checkin": null, "day_6_checkout": null, "day_7_checkin": null, "day_7_checkout": null, "day_8_checkin": null, "day_8_checkout": null, "day_9_checkin": null, "day_9_checkout": null, "day_10_checkin": null, "day_10_checkout": null, "overdue_notification_sent": false}}, {"model": "visitorapi.visitrequest", "pk": 37, "fields": {"visitor": 1, "host": 6, "purpose": "Medical / Health Check", "other_purpose": "", "visit_date": "2025-07-02", "start_time": null, "end_time": "17:30:00", "status": "REJECTED", "allow_mobile": true, "allow_laptop": false, "approved_by": null, "created_at": "2025-07-02T18:16:39.575Z", "updated_at": "2025-07-03T06:09:48.305Z", "requestedByEmployee": false, "reference_employee_name": null, "reference_employee_department": null, "reference_purpose": null, "created_by": null, "checkin_time": null, "checkout_time": null, "checkout_by_hr": false, "valid_upto": null, "day_1_checkin": null, "day_1_checkout": null, "day_2_checkin": null, "day_2_checkout": null, "day_3_checkin": null, "day_3_checkout": null, "day_4_checkin": null, "day_4_checkout": null, "day_5_checkin": null, "day_5_checkout": null, "day_6_checkin": null, "day_6_checkout": null, "day_7_checkin": null, "day_7_checkout": null, "day_8_checkin": null, "day_8_checkout": null, "day_9_checkin": null, "day_9_checkout": null, "day_10_checkin": null, "day_10_checkout": null, "overdue_notification_sent": false}}, {"model": "visitorapi.visitrequest", "pk": 45, "fields": {"visitor": 9, "host": 6, "purpose": "Workshop", "other_purpose": "", "visit_date": "2025-07-04", "start_time": null, "end_time": "17:30:00", "status": "REJECTED", "allow_mobile": true, "allow_laptop": false, "approved_by": null, "created_at": "2025-07-04T09:20:12.301Z", "updated_at": "2025-07-04T10:04:16.562Z", "requestedByEmployee": true, "reference_employee_name": "Ram", "reference_employee_department": "IT", "reference_purpose": "networking", "created_by": null, "checkin_time": null, "checkout_time": null, "checkout_by_hr": false, "valid_upto": null, "day_1_checkin": null, "day_1_checkout": null, "day_2_checkin": null, "day_2_checkout": null, "day_3_checkin": null, "day_3_checkout": null, "day_4_checkin": null, "day_4_checkout": null, "day_5_checkin": null, "day_5_checkout": null, "day_6_checkin": null, "day_6_checkout": null, "day_7_checkin": null, "day_7_checkout": null, "day_8_checkin": null, "day_8_checkout": null, "day_9_checkin": null, "day_9_checkout": null, "day_10_checkin": null, "day_10_checkout": null, "overdue_notification_sent": false}}, {"model": "visitorapi.visitrequest", "pk": 51, "fields": {"visitor": 1, "host": 8, "purpose": "Site Visit", "other_purpose": "", "visit_date": "2025-07-04", "start_time": null, "end_time": "17:30:00", "status": "REJECTED", "allow_mobile": false, "allow_laptop": true, "approved_by": null, "created_at": "2025-07-04T10:21:57.331Z", "updated_at": "2025-07-04T10:22:21.231Z", "requestedByEmployee": false, "reference_employee_name": null, "reference_employee_department": null, "reference_purpose": null, "created_by": null, "checkin_time": null, "checkout_time": null, "checkout_by_hr": false, "valid_upto": null, "day_1_checkin": null, "day_1_checkout": null, "day_2_checkin": null, "day_2_checkout": null, "day_3_checkin": null, "day_3_checkout": null, "day_4_checkin": null, "day_4_checkout": null, "day_5_checkin": null, "day_5_checkout": null, "day_6_checkin": null, "day_6_checkout": null, "day_7_checkin": null, "day_7_checkout": null, "day_8_checkin": null, "day_8_checkout": null, "day_9_checkin": null, "day_9_checkout": null, "day_10_checkin": null, "day_10_checkout": null, "overdue_notification_sent": false}}, {"model": "visitorapi.visitrequest", "pk": 91, "fields": {"visitor": 1, "host": 6, "purpose": "Sales / Marketing", "other_purpose": "", "visit_date": "2025-07-07", "start_time": null, "end_time": "00:03:51.730", "status": "APPROVED", "allow_mobile": false, "allow_laptop": false, "approved_by": null, "created_at": "2025-07-07T23:03:51.730Z", "updated_at": "2025-07-07T23:04:20.510Z", "requestedByEmployee": false, "reference_employee_name": null, "reference_employee_department": null, "reference_purpose": null, "created_by": 14, "checkin_time": null, "checkout_time": "2025-07-11T13:07:10.555Z", "checkout_by_hr": false, "valid_upto": null, "day_1_checkin": null, "day_1_checkout": "2025-07-11T13:07:10.555Z", "day_2_checkin": null, "day_2_checkout": null, "day_3_checkin": null, "day_3_checkout": null, "day_4_checkin": null, "day_4_checkout": null, "day_5_checkin": null, "day_5_checkout": null, "day_6_checkin": null, "day_6_checkout": null, "day_7_checkin": null, "day_7_checkout": null, "day_8_checkin": null, "day_8_checkout": null, "day_9_checkin": null, "day_9_checkout": null, "day_10_checkin": null, "day_10_checkout": null, "overdue_notification_sent": false}}, {"model": "visitorapi.visitrequest", "pk": 93, "fields": {"visitor": 9, "host": 6, "purpose": "Maintenance", "other_purpose": "", "visit_date": "2025-07-07", "start_time": null, "end_time": "00:12:28.446", "status": "APPROVED", "allow_mobile": true, "allow_laptop": true, "approved_by": null, "created_at": "2025-07-07T23:12:28.447Z", "updated_at": "2025-07-07T23:12:54.025Z", "requestedByEmployee": true, "reference_employee_name": "farhan shaikh ", "reference_employee_department": "IT", "reference_purpose": "networking", "created_by": 14, "checkin_time": null, "checkout_time": null, "checkout_by_hr": false, "valid_upto": null, "day_1_checkin": null, "day_1_checkout": null, "day_2_checkin": null, "day_2_checkout": null, "day_3_checkin": null, "day_3_checkout": null, "day_4_checkin": null, "day_4_checkout": null, "day_5_checkin": null, "day_5_checkout": null, "day_6_checkin": null, "day_6_checkout": null, "day_7_checkin": null, "day_7_checkout": null, "day_8_checkin": null, "day_8_checkout": null, "day_9_checkin": null, "day_9_checkout": null, "day_10_checkin": null, "day_10_checkout": null, "overdue_notification_sent": false}}, {"model": "visitorapi.visitrequest", "pk": 95, "fields": {"visitor": 16, "host": 6, "purpose": "IT Support / Maintenance", "other_purpose": "", "visit_date": "2025-07-08", "start_time": null, "end_time": "09:32:31.907", "status": "APPROVED", "allow_mobile": true, "allow_laptop": true, "approved_by": null, "created_at": "2025-07-08T08:32:31.907Z", "updated_at": "2025-07-08T08:32:58.871Z", "requestedByEmployee": true, "reference_employee_name": "Farhan", "reference_employee_department": "IT", "reference_purpose": "Networking", "created_by": 14, "checkin_time": null, "checkout_time": null, "checkout_by_hr": true, "valid_upto": null, "day_1_checkin": "2025-07-14T12:28:43.832Z", "day_1_checkout": "2025-07-14T17:38:20.601Z", "day_2_checkin": null, "day_2_checkout": null, "day_3_checkin": null, "day_3_checkout": null, "day_4_checkin": null, "day_4_checkout": null, "day_5_checkin": null, "day_5_checkout": null, "day_6_checkin": null, "day_6_checkout": null, "day_7_checkin": null, "day_7_checkout": null, "day_8_checkin": null, "day_8_checkout": null, "day_9_checkin": null, "day_9_checkout": null, "day_10_checkin": null, "day_10_checkout": null, "overdue_notification_sent": false}}, {"model": "visitorapi.visitrequest", "pk": 96, "fields": {"visitor": 12, "host": 6, "purpose": "IT Support / Maintenance", "other_purpose": "", "visit_date": "2025-07-08", "start_time": null, "end_time": "09:53:19.572", "status": "APPROVED", "allow_mobile": true, "allow_laptop": true, "approved_by": null, "created_at": "2025-07-08T08:53:19.574Z", "updated_at": "2025-07-08T08:53:36.373Z", "requestedByEmployee": true, "reference_employee_name": "Farhan", "reference_employee_department": "IT", "reference_purpose": "Networking", "created_by": 14, "checkin_time": null, "checkout_time": "2025-07-10T06:41:41.496Z", "checkout_by_hr": false, "valid_upto": null, "day_1_checkin": null, "day_1_checkout": "2025-07-10T06:41:41.496Z", "day_2_checkin": null, "day_2_checkout": null, "day_3_checkin": null, "day_3_checkout": null, "day_4_checkin": null, "day_4_checkout": null, "day_5_checkin": null, "day_5_checkout": null, "day_6_checkin": null, "day_6_checkout": null, "day_7_checkin": null, "day_7_checkout": null, "day_8_checkin": null, "day_8_checkout": null, "day_9_checkin": null, "day_9_checkout": null, "day_10_checkin": null, "day_10_checkout": null, "overdue_notification_sent": false}}, {"model": "visitorapi.visitrequest", "pk": 99, "fields": {"visitor": 9, "host": 8, "purpose": "Other (Specify)", "other_purpose": "for personal reasone", "visit_date": "2025-07-08", "start_time": null, "end_time": "11:15:48.030", "status": "APPROVED", "allow_mobile": true, "allow_laptop": true, "approved_by": null, "created_at": "2025-07-08T10:15:48.031Z", "updated_at": "2025-07-08T10:16:09.663Z", "requestedByEmployee": false, "reference_employee_name": null, "reference_employee_department": null, "reference_purpose": null, "created_by": null, "checkin_time": "2025-07-09T15:49:16.803Z", "checkout_time": "2025-07-09T15:56:02.989Z", "checkout_by_hr": true, "valid_upto": null, "day_1_checkin": "2025-07-09T15:49:16.803Z", "day_1_checkout": "2025-07-09T15:56:02.989Z", "day_2_checkin": null, "day_2_checkout": null, "day_3_checkin": null, "day_3_checkout": null, "day_4_checkin": null, "day_4_checkout": null, "day_5_checkin": null, "day_5_checkout": null, "day_6_checkin": null, "day_6_checkout": null, "day_7_checkin": null, "day_7_checkout": null, "day_8_checkin": null, "day_8_checkout": null, "day_9_checkin": null, "day_9_checkout": null, "day_10_checkin": null, "day_10_checkout": null, "overdue_notification_sent": false}}, {"model": "visitorapi.visitrequest", "pk": 100, "fields": {"visitor": 9, "host": 6, "purpose": "Project Discussion", "other_purpose": "", "visit_date": "2025-07-08", "start_time": null, "end_time": "12:25:11.514", "status": "APPROVED", "allow_mobile": true, "allow_laptop": true, "approved_by": null, "created_at": "2025-07-08T11:25:11.515Z", "updated_at": "2025-07-08T11:25:49.433Z", "requestedByEmployee": false, "reference_employee_name": null, "reference_employee_department": null, "reference_purpose": null, "created_by": 14, "checkin_time": "2025-07-09T09:16:57.991Z", "checkout_time": "2025-07-09T15:54:36.108Z", "checkout_by_hr": false, "valid_upto": null, "day_1_checkin": "2025-07-09T09:16:57.991Z", "day_1_checkout": "2025-07-09T15:54:36.108Z", "day_2_checkin": null, "day_2_checkout": null, "day_3_checkin": null, "day_3_checkout": null, "day_4_checkin": null, "day_4_checkout": null, "day_5_checkin": null, "day_5_checkout": null, "day_6_checkin": null, "day_6_checkout": null, "day_7_checkin": null, "day_7_checkout": null, "day_8_checkin": null, "day_8_checkout": null, "day_9_checkin": null, "day_9_checkout": null, "day_10_checkin": null, "day_10_checkout": null, "overdue_notification_sent": false}}, {"model": "visitorapi.visitrequest", "pk": 101, "fields": {"visitor": 14, "host": 6, "purpose": "Sales / Marketing", "other_purpose": "", "visit_date": "2025-07-08", "start_time": null, "end_time": "18:46:20.337", "status": "APPROVED", "allow_mobile": true, "allow_laptop": true, "approved_by": null, "created_at": "2025-07-08T17:46:20.339Z", "updated_at": "2025-07-08T17:46:42.514Z", "requestedByEmployee": false, "reference_employee_name": null, "reference_employee_department": null, "reference_purpose": null, "created_by": 14, "checkin_time": "2025-07-08T17:47:22.501Z", "checkout_time": "2025-07-08T18:46:38.871Z", "checkout_by_hr": true, "valid_upto": null, "day_1_checkin": "2025-07-08T17:47:22.501Z", "day_1_checkout": "2025-07-08T18:46:38.871Z", "day_2_checkin": null, "day_2_checkout": null, "day_3_checkin": null, "day_3_checkout": null, "day_4_checkin": null, "day_4_checkout": null, "day_5_checkin": null, "day_5_checkout": null, "day_6_checkin": null, "day_6_checkout": null, "day_7_checkin": null, "day_7_checkout": null, "day_8_checkin": null, "day_8_checkout": null, "day_9_checkin": null, "day_9_checkout": null, "day_10_checkin": null, "day_10_checkout": null, "overdue_notification_sent": false}}, {"model": "visitorapi.visitrequest", "pk": 102, "fields": {"visitor": 9, "host": 6, "purpose": "IT Support / Maintenance", "other_purpose": "", "visit_date": "2025-07-08", "start_time": null, "end_time": "19:55:34.683", "status": "APPROVED", "allow_mobile": true, "allow_laptop": true, "approved_by": null, "created_at": "2025-07-08T18:55:34.683Z", "updated_at": "2025-07-08T18:55:51.379Z", "requestedByEmployee": false, "reference_employee_name": null, "reference_employee_department": null, "reference_purpose": null, "created_by": 14, "checkin_time": "2025-07-08T18:56:23.106Z", "checkout_time": "2025-07-08T18:57:10.152Z", "checkout_by_hr": true, "valid_upto": null, "day_1_checkin": "2025-07-08T18:56:23.106Z", "day_1_checkout": "2025-07-08T18:57:10.152Z", "day_2_checkin": null, "day_2_checkout": null, "day_3_checkin": null, "day_3_checkout": null, "day_4_checkin": null, "day_4_checkout": null, "day_5_checkin": null, "day_5_checkout": null, "day_6_checkin": null, "day_6_checkout": null, "day_7_checkin": null, "day_7_checkout": null, "day_8_checkin": null, "day_8_checkout": null, "day_9_checkin": null, "day_9_checkout": null, "day_10_checkin": null, "day_10_checkout": null, "overdue_notification_sent": false}}, {"model": "visitorapi.visitrequest", "pk": 103, "fields": {"visitor": 9, "host": 6, "purpose": "Audit", "other_purpose": "", "visit_date": "2025-07-09", "start_time": null, "end_time": "05:48:51.373", "status": "APPROVED", "allow_mobile": true, "allow_laptop": true, "approved_by": null, "created_at": "2025-07-09T04:48:51.373Z", "updated_at": "2025-07-09T04:49:12.002Z", "requestedByEmployee": false, "reference_employee_name": null, "reference_employee_department": null, "reference_purpose": null, "created_by": 14, "checkin_time": "2025-07-09T04:51:03.781Z", "checkout_time": "2025-07-09T05:11:53.133Z", "checkout_by_hr": true, "valid_upto": null, "day_1_checkin": "2025-07-09T04:51:03.781Z", "day_1_checkout": "2025-07-09T05:11:53.133Z", "day_2_checkin": null, "day_2_checkout": null, "day_3_checkin": null, "day_3_checkout": null, "day_4_checkin": null, "day_4_checkout": null, "day_5_checkin": null, "day_5_checkout": null, "day_6_checkin": null, "day_6_checkout": null, "day_7_checkin": null, "day_7_checkout": null, "day_8_checkin": null, "day_8_checkout": null, "day_9_checkin": null, "day_9_checkout": null, "day_10_checkin": null, "day_10_checkout": null, "overdue_notification_sent": false}}, {"model": "visitorapi.visitrequest", "pk": 104, "fields": {"visitor": 1, "host": 6, "purpose": "Vendor Meeting", "other_purpose": "", "visit_date": "2025-07-09", "start_time": null, "end_time": "06:47:30.786", "status": "APPROVED", "allow_mobile": true, "allow_laptop": true, "approved_by": null, "created_at": "2025-07-09T05:47:30.786Z", "updated_at": "2025-07-09T05:47:48.967Z", "requestedByEmployee": false, "reference_employee_name": null, "reference_employee_department": null, "reference_purpose": null, "created_by": 14, "checkin_time": "2025-07-09T05:48:54.158Z", "checkout_time": "2025-07-09T05:50:26.408Z", "checkout_by_hr": true, "valid_upto": null, "day_1_checkin": "2025-07-09T05:48:54.158Z", "day_1_checkout": "2025-07-09T05:50:26.408Z", "day_2_checkin": null, "day_2_checkout": null, "day_3_checkin": null, "day_3_checkout": null, "day_4_checkin": null, "day_4_checkout": null, "day_5_checkin": null, "day_5_checkout": null, "day_6_checkin": null, "day_6_checkout": null, "day_7_checkin": null, "day_7_checkout": null, "day_8_checkin": null, "day_8_checkout": null, "day_9_checkin": null, "day_9_checkout": null, "day_10_checkin": null, "day_10_checkout": null, "overdue_notification_sent": false}}, {"model": "visitorapi.visitrequest", "pk": 105, "fields": {"visitor": 8, "host": 8, "purpose": "Other (Specify)", "other_purpose": "any things", "visit_date": "2025-07-09", "start_time": null, "end_time": "07:23:00.436", "status": "APPROVED", "allow_mobile": true, "allow_laptop": false, "approved_by": null, "created_at": "2025-07-09T06:23:00.436Z", "updated_at": "2025-07-09T06:23:56.663Z", "requestedByEmployee": true, "reference_employee_name": "Ram", "reference_employee_department": "IT", "reference_purpose": "Networking", "created_by": 14, "checkin_time": "2025-07-09T06:38:58.917Z", "checkout_time": "2025-07-09T06:45:44.245Z", "checkout_by_hr": true, "valid_upto": null, "day_1_checkin": "2025-07-09T06:38:58.917Z", "day_1_checkout": "2025-07-09T06:45:44.245Z", "day_2_checkin": null, "day_2_checkout": null, "day_3_checkin": null, "day_3_checkout": null, "day_4_checkin": null, "day_4_checkout": null, "day_5_checkin": null, "day_5_checkout": null, "day_6_checkin": null, "day_6_checkout": null, "day_7_checkin": null, "day_7_checkout": null, "day_8_checkin": null, "day_8_checkout": null, "day_9_checkin": null, "day_9_checkout": null, "day_10_checkin": null, "day_10_checkout": null, "overdue_notification_sent": false}}, {"model": "visitorapi.visitrequest", "pk": 106, "fields": {"visitor": 9, "host": 6, "purpose": "Equipment Installation / Testing", "other_purpose": "", "visit_date": "2025-07-09", "start_time": null, "end_time": "09:34:49.242", "status": "APPROVED", "allow_mobile": true, "allow_laptop": true, "approved_by": null, "created_at": "2025-07-09T08:34:49.242Z", "updated_at": "2025-07-09T08:35:35.366Z", "requestedByEmployee": false, "reference_employee_name": null, "reference_employee_department": null, "reference_purpose": null, "created_by": 14, "checkin_time": "2025-07-09T08:36:54.259Z", "checkout_time": "2025-07-09T15:56:19.574Z", "checkout_by_hr": true, "valid_upto": null, "day_1_checkin": "2025-07-09T08:36:54.259Z", "day_1_checkout": "2025-07-09T15:56:19.574Z", "day_2_checkin": null, "day_2_checkout": null, "day_3_checkin": null, "day_3_checkout": null, "day_4_checkin": null, "day_4_checkout": null, "day_5_checkin": null, "day_5_checkout": null, "day_6_checkin": null, "day_6_checkout": null, "day_7_checkin": null, "day_7_checkout": null, "day_8_checkin": null, "day_8_checkout": null, "day_9_checkin": null, "day_9_checkout": null, "day_10_checkin": null, "day_10_checkout": null, "overdue_notification_sent": false}}, {"model": "visitorapi.visitrequest", "pk": 109, "fields": {"visitor": 9, "host": 6, "purpose": "Inspection", "other_purpose": "", "visit_date": "2025-07-10", "start_time": null, "end_time": "05:59:46.318", "status": "APPROVED", "allow_mobile": true, "allow_laptop": true, "approved_by": null, "created_at": "2025-07-10T04:59:46.320Z", "updated_at": "2025-07-10T05:00:14.391Z", "requestedByEmployee": false, "reference_employee_name": null, "reference_employee_department": null, "reference_purpose": null, "created_by": 14, "checkin_time": "2025-07-10T05:02:00.835Z", "checkout_time": "2025-07-10T06:42:34.256Z", "checkout_by_hr": true, "valid_upto": null, "day_1_checkin": "2025-07-10T05:02:00.835Z", "day_1_checkout": "2025-07-10T06:42:34.256Z", "day_2_checkin": null, "day_2_checkout": null, "day_3_checkin": null, "day_3_checkout": null, "day_4_checkin": null, "day_4_checkout": null, "day_5_checkin": null, "day_5_checkout": null, "day_6_checkin": null, "day_6_checkout": null, "day_7_checkin": null, "day_7_checkout": null, "day_8_checkin": null, "day_8_checkout": null, "day_9_checkin": null, "day_9_checkout": null, "day_10_checkin": null, "day_10_checkout": null, "overdue_notification_sent": false}}, {"model": "visitorapi.visitrequest", "pk": 110, "fields": {"visitor": 8, "host": 6, "purpose": "Workshop", "other_purpose": "", "visit_date": "2025-07-10", "start_time": null, "end_time": "06:51:37.056", "status": "APPROVED", "allow_mobile": true, "allow_laptop": true, "approved_by": null, "created_at": "2025-07-10T05:51:37.056Z", "updated_at": "2025-07-13T08:50:56.817Z", "requestedByEmployee": true, "reference_employee_name": "Farhan", "reference_employee_department": "IT", "reference_purpose": "Networking", "created_by": 14, "checkin_time": null, "checkout_time": "2025-07-14T09:51:51.494Z", "checkout_by_hr": true, "valid_upto": null, "day_1_checkin": "2025-07-14T08:03:37.940Z", "day_1_checkout": "2025-07-14T09:56:17.732Z", "day_2_checkin": null, "day_2_checkout": null, "day_3_checkin": null, "day_3_checkout": null, "day_4_checkin": null, "day_4_checkout": null, "day_5_checkin": null, "day_5_checkout": null, "day_6_checkin": null, "day_6_checkout": null, "day_7_checkin": null, "day_7_checkout": null, "day_8_checkin": null, "day_8_checkout": null, "day_9_checkin": null, "day_9_checkout": null, "day_10_checkin": null, "day_10_checkout": null, "overdue_notification_sent": false}}, {"model": "visitorapi.visitrequest", "pk": 112, "fields": {"visitor": 12, "host": 8, "purpose": "Other (Specify)", "other_purpose": "any things", "visit_date": "2025-07-10", "start_time": null, "end_time": "06:52:56.265", "status": "PENDING", "allow_mobile": true, "allow_laptop": false, "approved_by": null, "created_at": "2025-07-10T05:52:56.265Z", "updated_at": "2025-07-10T05:52:56.265Z", "requestedByEmployee": true, "reference_employee_name": "Ram", "reference_employee_department": "IT", "reference_purpose": "Networking", "created_by": 14, "checkin_time": null, "checkout_time": null, "checkout_by_hr": false, "valid_upto": null, "day_1_checkin": null, "day_1_checkout": null, "day_2_checkin": null, "day_2_checkout": null, "day_3_checkin": null, "day_3_checkout": null, "day_4_checkin": null, "day_4_checkout": null, "day_5_checkin": null, "day_5_checkout": null, "day_6_checkin": null, "day_6_checkout": null, "day_7_checkin": null, "day_7_checkout": null, "day_8_checkin": null, "day_8_checkout": null, "day_9_checkin": null, "day_9_checkout": null, "day_10_checkin": null, "day_10_checkout": null, "overdue_notification_sent": false}}, {"model": "visitorapi.visitrequest", "pk": 114, "fields": {"visitor": 1, "host": 6, "purpose": "Training", "other_purpose": "", "visit_date": "2025-07-10", "start_time": null, "end_time": "06:55:31.426", "status": "APPROVED", "allow_mobile": true, "allow_laptop": false, "approved_by": null, "created_at": "2025-07-10T05:55:31.426Z", "updated_at": "2025-07-11T06:50:36.019Z", "requestedByEmployee": true, "reference_employee_name": "Ram", "reference_employee_department": "IT", "reference_purpose": "Networking", "created_by": 14, "checkin_time": "2025-07-11T06:53:17.517Z", "checkout_time": "2025-07-14T09:51:52.598Z", "checkout_by_hr": true, "valid_upto": null, "day_1_checkin": "2025-07-11T06:53:17.517Z", "day_1_checkout": "2025-07-14T09:56:18.695Z", "day_2_checkin": null, "day_2_checkout": null, "day_3_checkin": null, "day_3_checkout": null, "day_4_checkin": null, "day_4_checkout": null, "day_5_checkin": null, "day_5_checkout": null, "day_6_checkin": null, "day_6_checkout": null, "day_7_checkin": null, "day_7_checkout": null, "day_8_checkin": null, "day_8_checkout": null, "day_9_checkin": null, "day_9_checkout": null, "day_10_checkin": null, "day_10_checkout": null, "overdue_notification_sent": false}}, {"model": "visitorapi.visitrequest", "pk": 116, "fields": {"visitor": 9, "host": 6, "purpose": "Training", "other_purpose": "", "visit_date": "2025-07-10", "start_time": null, "end_time": "07:25:56.910", "status": "APPROVED", "allow_mobile": true, "allow_laptop": true, "approved_by": null, "created_at": "2025-07-10T06:25:56.910Z", "updated_at": "2025-07-10T06:28:17.504Z", "requestedByEmployee": true, "reference_employee_name": "Ram", "reference_employee_department": "IT", "reference_purpose": "Networking", "created_by": 14, "checkin_time": "2025-07-10T06:38:16.685Z", "checkout_time": "2025-07-10T06:42:36.369Z", "checkout_by_hr": true, "valid_upto": null, "day_1_checkin": "2025-07-10T06:38:16.685Z", "day_1_checkout": "2025-07-10T06:42:36.369Z", "day_2_checkin": null, "day_2_checkout": null, "day_3_checkin": null, "day_3_checkout": null, "day_4_checkin": null, "day_4_checkout": null, "day_5_checkin": null, "day_5_checkout": null, "day_6_checkin": null, "day_6_checkout": null, "day_7_checkin": null, "day_7_checkout": null, "day_8_checkin": null, "day_8_checkout": null, "day_9_checkin": null, "day_9_checkout": null, "day_10_checkin": null, "day_10_checkout": null, "overdue_notification_sent": false}}, {"model": "visitorapi.visitrequest", "pk": 121, "fields": {"visitor": 9, "host": 6, "purpose": "Client Visit", "other_purpose": "", "visit_date": "2025-07-12", "start_time": null, "end_time": "12:17:08.556", "status": "APPROVED", "allow_mobile": true, "allow_laptop": true, "approved_by": null, "created_at": "2025-07-12T11:17:08.556Z", "updated_at": "2025-07-12T11:18:17.620Z", "requestedByEmployee": true, "reference_employee_name": "Farhan", "reference_employee_department": "IT", "reference_purpose": "Networking", "created_by": 14, "checkin_time": null, "checkout_time": null, "checkout_by_hr": false, "valid_upto": null, "day_1_checkin": null, "day_1_checkout": null, "day_2_checkin": null, "day_2_checkout": null, "day_3_checkin": null, "day_3_checkout": null, "day_4_checkin": null, "day_4_checkout": null, "day_5_checkin": null, "day_5_checkout": null, "day_6_checkin": null, "day_6_checkout": null, "day_7_checkin": null, "day_7_checkout": null, "day_8_checkin": null, "day_8_checkout": null, "day_9_checkin": null, "day_9_checkout": null, "day_10_checkin": null, "day_10_checkout": null, "overdue_notification_sent": false}}, {"model": "visitorapi.visitrequest", "pk": 122, "fields": {"visitor": 9, "host": 8, "purpose": "Workshop", "other_purpose": "", "visit_date": "2025-07-12", "start_time": null, "end_time": "12:17:46.319", "status": "APPROVED", "allow_mobile": true, "allow_laptop": true, "approved_by": null, "created_at": "2025-07-12T11:17:46.319Z", "updated_at": "2025-07-12T11:19:02.759Z", "requestedByEmployee": true, "reference_employee_name": "Ram", "reference_employee_department": "Ram", "reference_purpose": "qwee", "created_by": 14, "checkin_time": null, "checkout_time": null, "checkout_by_hr": false, "valid_upto": null, "day_1_checkin": null, "day_1_checkout": null, "day_2_checkin": null, "day_2_checkout": null, "day_3_checkin": null, "day_3_checkout": null, "day_4_checkin": null, "day_4_checkout": null, "day_5_checkin": null, "day_5_checkout": null, "day_6_checkin": null, "day_6_checkout": null, "day_7_checkin": null, "day_7_checkout": null, "day_8_checkin": null, "day_8_checkout": null, "day_9_checkin": null, "day_9_checkout": null, "day_10_checkin": null, "day_10_checkout": null, "overdue_notification_sent": false}}, {"model": "visitorapi.visitrequest", "pk": 124, "fields": {"visitor": 9, "host": 6, "purpose": "Client Visit", "other_purpose": "", "visit_date": "2025-07-13", "start_time": null, "end_time": "09:49:49.786", "status": "APPROVED", "allow_mobile": true, "allow_laptop": true, "approved_by": null, "created_at": "2025-07-13T08:49:49.786Z", "updated_at": "2025-07-13T08:51:02.820Z", "requestedByEmployee": false, "reference_employee_name": null, "reference_employee_department": null, "reference_purpose": null, "created_by": 14, "checkin_time": null, "checkout_time": null, "checkout_by_hr": false, "valid_upto": null, "day_1_checkin": null, "day_1_checkout": null, "day_2_checkin": null, "day_2_checkout": null, "day_3_checkin": null, "day_3_checkout": null, "day_4_checkin": null, "day_4_checkout": null, "day_5_checkin": null, "day_5_checkout": null, "day_6_checkin": null, "day_6_checkout": null, "day_7_checkin": null, "day_7_checkout": null, "day_8_checkin": null, "day_8_checkout": null, "day_9_checkin": null, "day_9_checkout": null, "day_10_checkin": null, "day_10_checkout": null, "overdue_notification_sent": false}}, {"model": "visitorapi.visitrequest", "pk": 125, "fields": {"visitor": 1, "host": 6, "purpose": "Client Visit", "other_purpose": "", "visit_date": "2025-07-13", "start_time": null, "end_time": "09:50:35.155", "status": "APPROVED", "allow_mobile": true, "allow_laptop": true, "approved_by": null, "created_at": "2025-07-13T08:50:35.155Z", "updated_at": "2025-07-13T08:51:03.870Z", "requestedByEmployee": true, "reference_employee_name": "Farhan", "reference_employee_department": "IT", "reference_purpose": "Networking", "created_by": 14, "checkin_time": null, "checkout_time": null, "checkout_by_hr": false, "valid_upto": null, "day_1_checkin": null, "day_1_checkout": null, "day_2_checkin": null, "day_2_checkout": null, "day_3_checkin": null, "day_3_checkout": null, "day_4_checkin": null, "day_4_checkout": null, "day_5_checkin": null, "day_5_checkout": null, "day_6_checkin": null, "day_6_checkout": null, "day_7_checkin": null, "day_7_checkout": null, "day_8_checkin": null, "day_8_checkout": null, "day_9_checkin": null, "day_9_checkout": null, "day_10_checkin": null, "day_10_checkout": null, "overdue_notification_sent": false}}, {"model": "visitorapi.visitrequest", "pk": 126, "fields": {"visitor": 17, "host": 6, "purpose": "Safety Training", "other_purpose": "", "visit_date": "2025-07-13", "start_time": null, "end_time": "09:59:03.184", "status": "APPROVED", "allow_mobile": true, "allow_laptop": true, "approved_by": null, "created_at": "2025-07-13T08:59:03.184Z", "updated_at": "2025-07-13T08:59:21.612Z", "requestedByEmployee": true, "reference_employee_name": "Ram", "reference_employee_department": "IT", "reference_purpose": "Networking", "created_by": 14, "checkin_time": null, "checkout_time": null, "checkout_by_hr": false, "valid_upto": null, "day_1_checkin": null, "day_1_checkout": null, "day_2_checkin": null, "day_2_checkout": null, "day_3_checkin": null, "day_3_checkout": null, "day_4_checkin": null, "day_4_checkout": null, "day_5_checkin": null, "day_5_checkout": null, "day_6_checkin": null, "day_6_checkout": null, "day_7_checkin": null, "day_7_checkout": null, "day_8_checkin": null, "day_8_checkout": null, "day_9_checkin": null, "day_9_checkout": null, "day_10_checkin": null, "day_10_checkout": null, "overdue_notification_sent": false}}, {"model": "visitorapi.visitrequest", "pk": 127, "fields": {"visitor": 18, "host": 6, "purpose": "Sales / Marketing", "other_purpose": "", "visit_date": "2025-07-13", "start_time": null, "end_time": "13:10:50.607", "status": "PENDING", "allow_mobile": true, "allow_laptop": true, "approved_by": null, "created_at": "2025-07-13T12:10:50.607Z", "updated_at": "2025-07-13T12:10:50.607Z", "requestedByEmployee": true, "reference_employee_name": "Ram", "reference_employee_department": "IT", "reference_purpose": "Networking", "created_by": 14, "checkin_time": null, "checkout_time": null, "checkout_by_hr": false, "valid_upto": null, "day_1_checkin": null, "day_1_checkout": null, "day_2_checkin": null, "day_2_checkout": null, "day_3_checkin": null, "day_3_checkout": null, "day_4_checkin": null, "day_4_checkout": null, "day_5_checkin": null, "day_5_checkout": null, "day_6_checkin": null, "day_6_checkout": null, "day_7_checkin": null, "day_7_checkout": null, "day_8_checkin": null, "day_8_checkout": null, "day_9_checkin": null, "day_9_checkout": null, "day_10_checkin": null, "day_10_checkout": null, "overdue_notification_sent": false}}, {"model": "visitorapi.visitrequest", "pk": 128, "fields": {"visitor": 9, "host": 6, "purpose": "Service / Repair", "other_purpose": "", "visit_date": "2025-07-13", "start_time": null, "end_time": "13:29:05.881", "status": "PENDING", "allow_mobile": true, "allow_laptop": true, "approved_by": null, "created_at": "2025-07-13T12:29:05.881Z", "updated_at": "2025-07-13T12:29:05.882Z", "requestedByEmployee": false, "reference_employee_name": null, "reference_employee_department": null, "reference_purpose": null, "created_by": 14, "checkin_time": null, "checkout_time": null, "checkout_by_hr": false, "valid_upto": null, "day_1_checkin": null, "day_1_checkout": null, "day_2_checkin": null, "day_2_checkout": null, "day_3_checkin": null, "day_3_checkout": null, "day_4_checkin": null, "day_4_checkout": null, "day_5_checkin": null, "day_5_checkout": null, "day_6_checkin": null, "day_6_checkout": null, "day_7_checkin": null, "day_7_checkout": null, "day_8_checkin": null, "day_8_checkout": null, "day_9_checkin": null, "day_9_checkout": null, "day_10_checkin": null, "day_10_checkout": null, "overdue_notification_sent": false}}, {"model": "visitorapi.visitrequest", "pk": 130, "fields": {"visitor": 19, "host": 6, "purpose": "Medical / Health Check", "other_purpose": "", "visit_date": "2025-07-13", "start_time": null, "end_time": "13:46:14.314", "status": "APPROVED", "allow_mobile": true, "allow_laptop": true, "approved_by": null, "created_at": "2025-07-13T12:46:14.314Z", "updated_at": "2025-07-13T12:46:29.513Z", "requestedByEmployee": false, "reference_employee_name": null, "reference_employee_department": null, "reference_purpose": null, "created_by": 14, "checkin_time": null, "checkout_time": null, "checkout_by_hr": false, "valid_upto": null, "day_1_checkin": null, "day_1_checkout": null, "day_2_checkin": null, "day_2_checkout": null, "day_3_checkin": null, "day_3_checkout": null, "day_4_checkin": null, "day_4_checkout": null, "day_5_checkin": null, "day_5_checkout": null, "day_6_checkin": null, "day_6_checkout": null, "day_7_checkin": null, "day_7_checkout": null, "day_8_checkin": null, "day_8_checkout": null, "day_9_checkin": null, "day_9_checkout": null, "day_10_checkin": null, "day_10_checkout": null, "overdue_notification_sent": false}}, {"model": "visitorapi.visitrequest", "pk": 131, "fields": {"visitor": 19, "host": 6, "purpose": "Service / Repair", "other_purpose": "", "visit_date": "2025-07-13", "start_time": null, "end_time": "13:48:29.381", "status": "APPROVED", "allow_mobile": true, "allow_laptop": true, "approved_by": null, "created_at": "2025-07-13T12:48:29.381Z", "updated_at": "2025-07-13T12:48:48.991Z", "requestedByEmployee": false, "reference_employee_name": null, "reference_employee_department": null, "reference_purpose": null, "created_by": 14, "checkin_time": "2025-07-13T13:14:53.722Z", "checkout_time": "2025-07-13T13:16:14.039Z", "checkout_by_hr": true, "valid_upto": null, "day_1_checkin": "2025-07-13T13:14:53.722Z", "day_1_checkout": "2025-07-13T13:16:14.039Z", "day_2_checkin": null, "day_2_checkout": null, "day_3_checkin": null, "day_3_checkout": null, "day_4_checkin": null, "day_4_checkout": null, "day_5_checkin": null, "day_5_checkout": null, "day_6_checkin": null, "day_6_checkout": null, "day_7_checkin": null, "day_7_checkout": null, "day_8_checkin": null, "day_8_checkout": null, "day_9_checkin": null, "day_9_checkout": null, "day_10_checkin": null, "day_10_checkout": null, "overdue_notification_sent": false}}, {"model": "visitorapi.visitrequest", "pk": 132, "fields": {"visitor": 20, "host": 6, "purpose": "Safety Training", "other_purpose": "", "visit_date": "2025-07-13", "start_time": null, "end_time": "17:30:00", "status": "APPROVED", "allow_mobile": true, "allow_laptop": true, "approved_by": null, "created_at": "2025-07-13T13:31:41.809Z", "updated_at": "2025-07-13T13:32:20.099Z", "requestedByEmployee": false, "reference_employee_name": null, "reference_employee_department": null, "reference_purpose": null, "created_by": 14, "checkin_time": null, "checkout_time": null, "checkout_by_hr": false, "valid_upto": "2025-07-17", "day_1_checkin": null, "day_1_checkout": null, "day_2_checkin": null, "day_2_checkout": null, "day_3_checkin": null, "day_3_checkout": null, "day_4_checkin": null, "day_4_checkout": null, "day_5_checkin": null, "day_5_checkout": null, "day_6_checkin": null, "day_6_checkout": null, "day_7_checkin": null, "day_7_checkout": null, "day_8_checkin": null, "day_8_checkout": null, "day_9_checkin": null, "day_9_checkout": null, "day_10_checkin": null, "day_10_checkout": null, "overdue_notification_sent": false}}, {"model": "visitorapi.visitrequest", "pk": 133, "fields": {"visitor": 21, "host": 8, "purpose": "Safety Training", "other_purpose": "", "visit_date": "2025-07-13", "start_time": null, "end_time": "15:30:00", "status": "APPROVED", "allow_mobile": true, "allow_laptop": true, "approved_by": null, "created_at": "2025-07-13T13:42:32.319Z", "updated_at": "2025-07-13T13:43:05.320Z", "requestedByEmployee": false, "reference_employee_name": null, "reference_employee_department": null, "reference_purpose": null, "created_by": 14, "checkin_time": "2025-07-13T13:45:40.314Z", "checkout_time": "2025-07-14T09:51:53.523Z", "checkout_by_hr": true, "valid_upto": "2025-07-18", "day_1_checkin": "2025-07-13T13:45:40.314Z", "day_1_checkout": "2025-07-14T09:56:31.867Z", "day_2_checkin": null, "day_2_checkout": null, "day_3_checkin": null, "day_3_checkout": null, "day_4_checkin": null, "day_4_checkout": null, "day_5_checkin": null, "day_5_checkout": null, "day_6_checkin": null, "day_6_checkout": null, "day_7_checkin": null, "day_7_checkout": null, "day_8_checkin": null, "day_8_checkout": null, "day_9_checkin": null, "day_9_checkout": null, "day_10_checkin": null, "day_10_checkout": null, "overdue_notification_sent": false}}, {"model": "visitorapi.visitrequest", "pk": 134, "fields": {"visitor": 22, "host": 8, "purpose": "Medical / Health Check", "other_purpose": "", "visit_date": "2025-07-13", "start_time": null, "end_time": "22:30:00", "status": "APPROVED", "allow_mobile": true, "allow_laptop": true, "approved_by": null, "created_at": "2025-07-13T13:56:22.688Z", "updated_at": "2025-07-13T14:00:59.691Z", "requestedByEmployee": false, "reference_employee_name": null, "reference_employee_department": null, "reference_purpose": null, "created_by": 14, "checkin_time": null, "checkout_time": null, "checkout_by_hr": false, "valid_upto": "2025-07-19", "day_1_checkin": null, "day_1_checkout": null, "day_2_checkin": null, "day_2_checkout": null, "day_3_checkin": null, "day_3_checkout": null, "day_4_checkin": null, "day_4_checkout": null, "day_5_checkin": null, "day_5_checkout": null, "day_6_checkin": null, "day_6_checkout": null, "day_7_checkin": null, "day_7_checkout": null, "day_8_checkin": null, "day_8_checkout": null, "day_9_checkin": null, "day_9_checkout": null, "day_10_checkin": null, "day_10_checkout": null, "overdue_notification_sent": false}}, {"model": "visitorapi.visitrequest", "pk": 135, "fields": {"visitor": 23, "host": 6, "purpose": "IT Support / Maintenance", "other_purpose": "", "visit_date": "2025-07-13", "start_time": null, "end_time": "23:45:00", "status": "APPROVED", "allow_mobile": false, "allow_laptop": true, "approved_by": null, "created_at": "2025-07-13T13:57:59.081Z", "updated_at": "2025-07-13T13:59:46.571Z", "requestedByEmployee": false, "reference_employee_name": null, "reference_employee_department": null, "reference_purpose": null, "created_by": 14, "checkin_time": null, "checkout_time": null, "checkout_by_hr": false, "valid_upto": "2025-07-22", "day_1_checkin": null, "day_1_checkout": null, "day_2_checkin": null, "day_2_checkout": null, "day_3_checkin": null, "day_3_checkout": null, "day_4_checkin": null, "day_4_checkout": null, "day_5_checkin": null, "day_5_checkout": null, "day_6_checkin": null, "day_6_checkout": null, "day_7_checkin": null, "day_7_checkout": null, "day_8_checkin": null, "day_8_checkout": null, "day_9_checkin": null, "day_9_checkout": null, "day_10_checkin": null, "day_10_checkout": null, "overdue_notification_sent": false}}, {"model": "visitorapi.visitrequest", "pk": 136, "fields": {"visitor": 24, "host": 8, "purpose": "Project Discussion", "other_purpose": "", "visit_date": "2025-07-13", "start_time": "2025-07-13T14:15:36.627Z", "end_time": "23:30:00", "status": "APPROVED", "allow_mobile": true, "allow_laptop": true, "approved_by": null, "created_at": "2025-07-13T14:15:36.629Z", "updated_at": "2025-07-13T14:16:17.830Z", "requestedByEmployee": false, "reference_employee_name": null, "reference_employee_department": null, "reference_purpose": null, "created_by": 14, "checkin_time": null, "checkout_time": null, "checkout_by_hr": false, "valid_upto": "2025-07-16", "day_1_checkin": null, "day_1_checkout": null, "day_2_checkin": null, "day_2_checkout": null, "day_3_checkin": null, "day_3_checkout": null, "day_4_checkin": null, "day_4_checkout": null, "day_5_checkin": null, "day_5_checkout": null, "day_6_checkin": null, "day_6_checkout": null, "day_7_checkin": null, "day_7_checkout": null, "day_8_checkin": null, "day_8_checkout": null, "day_9_checkin": null, "day_9_checkout": null, "day_10_checkin": null, "day_10_checkout": null, "overdue_notification_sent": false}}, {"model": "visitorapi.visitrequest", "pk": 137, "fields": {"visitor": 25, "host": 20, "purpose": "Testing multi-day functionality", "other_purpose": null, "visit_date": "2025-07-14", "start_time": null, "end_time": "17:30:00", "status": "APPROVED", "allow_mobile": false, "allow_laptop": false, "approved_by": null, "created_at": "2025-07-14T04:27:01.462Z", "updated_at": "2025-07-14T04:27:01.462Z", "requestedByEmployee": false, "reference_employee_name": null, "reference_employee_department": null, "reference_purpose": null, "created_by": null, "checkin_time": null, "checkout_time": null, "checkout_by_hr": true, "valid_upto": "2025-07-18", "day_1_checkin": "2025-07-14T04:27:01.470Z", "day_1_checkout": "2025-07-14T04:27:01.479Z", "day_2_checkin": "2025-07-14T04:27:01.488Z", "day_2_checkout": "2025-07-14T09:56:31.200Z", "day_3_checkin": null, "day_3_checkout": null, "day_4_checkin": null, "day_4_checkout": null, "day_5_checkin": null, "day_5_checkout": null, "day_6_checkin": null, "day_6_checkout": null, "day_7_checkin": null, "day_7_checkout": null, "day_8_checkin": null, "day_8_checkout": null, "day_9_checkin": null, "day_9_checkout": null, "day_10_checkin": null, "day_10_checkout": null, "overdue_notification_sent": false}}, {"model": "visitorapi.visitrequest", "pk": 138, "fields": {"visitor": 26, "host": 21, "purpose": "Testing multi-day functionality - day 2+", "other_purpose": null, "visit_date": "2025-07-12", "start_time": null, "end_time": "17:30:00", "status": "APPROVED", "allow_mobile": false, "allow_laptop": false, "approved_by": null, "created_at": "2025-07-14T04:37:46.906Z", "updated_at": "2025-07-14T04:37:46.906Z", "requestedByEmployee": false, "reference_employee_name": null, "reference_employee_department": null, "reference_purpose": null, "created_by": null, "checkin_time": null, "checkout_time": null, "checkout_by_hr": false, "valid_upto": "2025-07-21", "day_1_checkin": null, "day_1_checkout": null, "day_2_checkin": null, "day_2_checkout": null, "day_3_checkin": "2025-07-14T04:37:46.921Z", "day_3_checkout": "2025-07-14T04:37:46.936Z", "day_4_checkin": null, "day_4_checkout": null, "day_5_checkin": null, "day_5_checkout": null, "day_6_checkin": null, "day_6_checkout": null, "day_7_checkin": null, "day_7_checkout": null, "day_8_checkin": null, "day_8_checkout": null, "day_9_checkin": null, "day_9_checkout": null, "day_10_checkin": null, "day_10_checkout": null, "overdue_notification_sent": false}}, {"model": "visitorapi.visitrequest", "pk": 139, "fields": {"visitor": 27, "host": 22, "purpose": "Testing Day 2 Test", "other_purpose": null, "visit_date": "2025-07-13", "start_time": null, "end_time": "17:30:00", "status": "APPROVED", "allow_mobile": false, "allow_laptop": false, "approved_by": null, "created_at": "2025-07-14T04:37:46.972Z", "updated_at": "2025-07-14T04:37:46.972Z", "requestedByEmployee": false, "reference_employee_name": null, "reference_employee_department": null, "reference_purpose": null, "created_by": null, "checkin_time": null, "checkout_time": null, "checkout_by_hr": true, "valid_upto": "2025-07-17", "day_1_checkin": null, "day_1_checkout": null, "day_2_checkin": "2025-07-14T04:37:46.980Z", "day_2_checkout": "2025-07-14T09:56:30.535Z", "day_3_checkin": null, "day_3_checkout": null, "day_4_checkin": null, "day_4_checkout": null, "day_5_checkin": null, "day_5_checkout": null, "day_6_checkin": null, "day_6_checkout": null, "day_7_checkin": null, "day_7_checkout": null, "day_8_checkin": null, "day_8_checkout": null, "day_9_checkin": null, "day_9_checkout": null, "day_10_checkin": null, "day_10_checkout": null, "overdue_notification_sent": false}}, {"model": "visitorapi.visitrequest", "pk": 140, "fields": {"visitor": 27, "host": 22, "purpose": "Testing Day 3 Test", "other_purpose": null, "visit_date": "2025-07-12", "start_time": null, "end_time": "17:30:00", "status": "APPROVED", "allow_mobile": false, "allow_laptop": false, "approved_by": null, "created_at": "2025-07-14T04:37:46.996Z", "updated_at": "2025-07-14T04:37:46.996Z", "requestedByEmployee": false, "reference_employee_name": null, "reference_employee_department": null, "reference_purpose": null, "created_by": null, "checkin_time": null, "checkout_time": null, "checkout_by_hr": true, "valid_upto": "2025-07-18", "day_1_checkin": null, "day_1_checkout": null, "day_2_checkin": null, "day_2_checkout": null, "day_3_checkin": "2025-07-14T04:37:47.012Z", "day_3_checkout": "2025-07-14T09:56:29.698Z", "day_4_checkin": null, "day_4_checkout": null, "day_5_checkin": null, "day_5_checkout": null, "day_6_checkin": null, "day_6_checkout": null, "day_7_checkin": null, "day_7_checkout": null, "day_8_checkin": null, "day_8_checkout": null, "day_9_checkin": null, "day_9_checkout": null, "day_10_checkin": null, "day_10_checkout": null, "overdue_notification_sent": false}}, {"model": "visitorapi.visitrequest", "pk": 141, "fields": {"visitor": 27, "host": 22, "purpose": "Testing Day 5 Test", "other_purpose": null, "visit_date": "2025-07-10", "start_time": null, "end_time": "17:30:00", "status": "APPROVED", "allow_mobile": false, "allow_laptop": false, "approved_by": null, "created_at": "2025-07-14T04:37:47.024Z", "updated_at": "2025-07-14T04:37:47.024Z", "requestedByEmployee": false, "reference_employee_name": null, "reference_employee_department": null, "reference_purpose": null, "created_by": null, "checkin_time": null, "checkout_time": null, "checkout_by_hr": true, "valid_upto": "2025-07-19", "day_1_checkin": null, "day_1_checkout": null, "day_2_checkin": null, "day_2_checkout": null, "day_3_checkin": null, "day_3_checkout": null, "day_4_checkin": null, "day_4_checkout": null, "day_5_checkin": "2025-07-14T04:37:47.035Z", "day_5_checkout": "2025-07-14T09:56:28.756Z", "day_6_checkin": null, "day_6_checkout": null, "day_7_checkin": null, "day_7_checkout": null, "day_8_checkin": null, "day_8_checkout": null, "day_9_checkin": null, "day_9_checkout": null, "day_10_checkin": null, "day_10_checkout": null, "overdue_notification_sent": false}}, {"model": "visitorapi.visitrequest", "pk": 142, "fields": {"visitor": 26, "host": 21, "purpose": "Testing multi-day functionality", "other_purpose": null, "visit_date": "2025-07-13", "start_time": null, "end_time": "17:30:00", "status": "APPROVED", "allow_mobile": false, "allow_laptop": false, "approved_by": null, "created_at": "2025-07-14T04:41:33.232Z", "updated_at": "2025-07-14T04:41:33.232Z", "requestedByEmployee": false, "reference_employee_name": null, "reference_employee_department": null, "reference_purpose": null, "created_by": null, "checkin_time": null, "checkout_time": null, "checkout_by_hr": false, "valid_upto": "2025-07-17", "day_1_checkin": "2025-07-14T04:41:33.253Z", "day_1_checkout": "2025-07-14T04:41:33.262Z", "day_2_checkin": "2025-07-14T04:41:33.281Z", "day_2_checkout": "2025-07-14T04:41:33.289Z", "day_3_checkin": "2025-07-14T04:41:33.305Z", "day_3_checkout": "2025-07-14T04:41:33.314Z", "day_4_checkin": "2025-07-14T04:41:33.337Z", "day_4_checkout": "2025-07-14T04:41:33.345Z", "day_5_checkin": "2025-07-14T04:41:33.371Z", "day_5_checkout": "2025-07-14T04:41:33.380Z", "day_6_checkin": null, "day_6_checkout": null, "day_7_checkin": null, "day_7_checkout": null, "day_8_checkin": null, "day_8_checkout": null, "day_9_checkin": null, "day_9_checkout": null, "day_10_checkin": null, "day_10_checkout": null, "overdue_notification_sent": false}}, {"model": "visitorapi.visitrequest", "pk": 143, "fields": {"visitor": 21, "host": 6, "purpose": "Client Visit", "other_purpose": "", "visit_date": "2025-07-14", "start_time": "2025-07-14T10:03:56.583Z", "end_time": "17:30:00", "status": "APPROVED", "allow_mobile": true, "allow_laptop": true, "approved_by": null, "created_at": "2025-07-14T10:03:56.585Z", "updated_at": "2025-07-14T10:05:53.949Z", "requestedByEmployee": true, "reference_employee_name": "Ram", "reference_employee_department": "IT", "reference_purpose": "Networking", "created_by": 14, "checkin_time": null, "checkout_time": null, "checkout_by_hr": true, "valid_upto": "2025-07-18", "day_1_checkin": "2025-07-14T10:07:25.460Z", "day_1_checkout": "2025-07-14T17:38:22.295Z", "day_2_checkin": null, "day_2_checkout": null, "day_3_checkin": null, "day_3_checkout": null, "day_4_checkin": null, "day_4_checkout": null, "day_5_checkin": null, "day_5_checkout": null, "day_6_checkin": null, "day_6_checkout": null, "day_7_checkin": null, "day_7_checkout": null, "day_8_checkin": null, "day_8_checkout": null, "day_9_checkin": null, "day_9_checkout": null, "day_10_checkin": null, "day_10_checkout": null, "overdue_notification_sent": true}}, {"model": "visitorapi.visitrequest", "pk": 145, "fields": {"visitor": 28, "host": 6, "purpose": "Project Discussion", "other_purpose": "", "visit_date": "2025-07-14", "start_time": "2025-07-14T10:21:55.088Z", "end_time": "17:30:00", "status": "APPROVED", "allow_mobile": true, "allow_laptop": true, "approved_by": null, "created_at": "2025-07-14T10:21:55.088Z", "updated_at": "2025-07-14T10:22:16.410Z", "requestedByEmployee": false, "reference_employee_name": null, "reference_employee_department": null, "reference_purpose": null, "created_by": 14, "checkin_time": null, "checkout_time": null, "checkout_by_hr": true, "valid_upto": "2025-07-16", "day_1_checkin": "2025-07-14T10:23:55.898Z", "day_1_checkout": "2025-07-14T17:38:25.466Z", "day_2_checkin": null, "day_2_checkout": null, "day_3_checkin": null, "day_3_checkout": null, "day_4_checkin": null, "day_4_checkout": null, "day_5_checkin": null, "day_5_checkout": null, "day_6_checkin": null, "day_6_checkout": null, "day_7_checkin": null, "day_7_checkout": null, "day_8_checkin": null, "day_8_checkout": null, "day_9_checkin": null, "day_9_checkout": null, "day_10_checkin": null, "day_10_checkout": null, "overdue_notification_sent": true}}, {"model": "visitorapi.visitrequest", "pk": 146, "fields": {"visitor": 29, "host": 6, "purpose": "IT Support / Maintenance", "other_purpose": "", "visit_date": "2025-07-14", "start_time": "2025-07-14T16:11:25.445Z", "end_time": "22:30:00", "status": "APPROVED", "allow_mobile": true, "allow_laptop": true, "approved_by": null, "created_at": "2025-07-14T16:11:25.445Z", "updated_at": "2025-07-14T16:11:49.406Z", "requestedByEmployee": false, "reference_employee_name": null, "reference_employee_department": null, "reference_purpose": null, "created_by": 14, "checkin_time": null, "checkout_time": null, "checkout_by_hr": false, "valid_upto": "2025-07-14", "day_1_checkin": null, "day_1_checkout": null, "day_2_checkin": null, "day_2_checkout": null, "day_3_checkin": null, "day_3_checkout": null, "day_4_checkin": null, "day_4_checkout": null, "day_5_checkin": null, "day_5_checkout": null, "day_6_checkin": null, "day_6_checkout": null, "day_7_checkin": null, "day_7_checkout": null, "day_8_checkin": null, "day_8_checkout": null, "day_9_checkin": null, "day_9_checkout": null, "day_10_checkin": null, "day_10_checkout": null, "overdue_notification_sent": false}}, {"model": "visitorapi.visitrequest", "pk": 147, "fields": {"visitor": 9, "host": 6, "purpose": "Safety Training", "other_purpose": "", "visit_date": "2025-07-14", "start_time": "2025-07-14T17:27:44.727Z", "end_time": "23:10:00", "status": "APPROVED", "allow_mobile": true, "allow_laptop": true, "approved_by": null, "created_at": "2025-07-14T17:27:44.727Z", "updated_at": "2025-07-14T17:32:00.679Z", "requestedByEmployee": true, "reference_employee_name": "Ram", "reference_employee_department": "IT", "reference_purpose": "Networking", "created_by": 14, "checkin_time": null, "checkout_time": null, "checkout_by_hr": true, "valid_upto": "2025-07-16", "day_1_checkin": "2025-07-14T17:35:49.615Z", "day_1_checkout": "2025-07-14T17:38:26.298Z", "day_2_checkin": null, "day_2_checkout": null, "day_3_checkin": null, "day_3_checkout": null, "day_4_checkin": null, "day_4_checkout": null, "day_5_checkin": null, "day_5_checkout": null, "day_6_checkin": null, "day_6_checkout": null, "day_7_checkin": null, "day_7_checkout": null, "day_8_checkin": null, "day_8_checkout": null, "day_9_checkin": null, "day_9_checkout": null, "day_10_checkin": null, "day_10_checkout": null, "overdue_notification_sent": false}}, {"model": "visitorapi.visitrequest", "pk": 149, "fields": {"visitor": 30, "host": 6, "purpose": "Project Discussion", "other_purpose": "", "visit_date": "2025-07-14", "start_time": "2025-07-14T17:31:38.940Z", "end_time": "23:07:00", "status": "APPROVED", "allow_mobile": true, "allow_laptop": false, "approved_by": null, "created_at": "2025-07-14T17:31:38.940Z", "updated_at": "2025-07-14T17:32:08.754Z", "requestedByEmployee": false, "reference_employee_name": null, "reference_employee_department": null, "reference_purpose": null, "created_by": 14, "checkin_time": null, "checkout_time": null, "checkout_by_hr": false, "valid_upto": "2025-07-14", "day_1_checkin": null, "day_1_checkout": null, "day_2_checkin": null, "day_2_checkout": null, "day_3_checkin": null, "day_3_checkout": null, "day_4_checkin": null, "day_4_checkout": null, "day_5_checkin": null, "day_5_checkout": null, "day_6_checkin": null, "day_6_checkout": null, "day_7_checkin": null, "day_7_checkout": null, "day_8_checkin": null, "day_8_checkout": null, "day_9_checkin": null, "day_9_checkout": null, "day_10_checkin": null, "day_10_checkout": null, "overdue_notification_sent": false}}, {"model": "visitorapi.visitrequest", "pk": 150, "fields": {"visitor": 31, "host": 6, "purpose": "IT Support / Maintenance", "other_purpose": "", "visit_date": "2025-07-15", "start_time": "2025-07-15T04:47:43.676Z", "end_time": "17:30:00", "status": "APPROVED", "allow_mobile": true, "allow_laptop": true, "approved_by": null, "created_at": "2025-07-15T04:47:43.681Z", "updated_at": "2025-07-15T04:48:06.277Z", "requestedByEmployee": false, "reference_employee_name": null, "reference_employee_department": null, "reference_purpose": null, "created_by": 14, "checkin_time": null, "checkout_time": null, "checkout_by_hr": true, "valid_upto": "2025-07-16", "day_1_checkin": "2025-07-15T04:49:02.923Z", "day_1_checkout": "2025-07-17T13:36:08.387Z", "day_2_checkin": null, "day_2_checkout": null, "day_3_checkin": null, "day_3_checkout": null, "day_4_checkin": null, "day_4_checkout": null, "day_5_checkin": null, "day_5_checkout": null, "day_6_checkin": null, "day_6_checkout": null, "day_7_checkin": null, "day_7_checkout": null, "day_8_checkin": null, "day_8_checkout": null, "day_9_checkin": null, "day_9_checkout": null, "day_10_checkin": null, "day_10_checkout": null, "overdue_notification_sent": false}}, {"model": "visitorapi.visitrequest", "pk": 151, "fields": {"visitor": 32, "host": 6, "purpose": "Audit", "other_purpose": "", "visit_date": "2025-07-15", "start_time": "2025-07-15T07:13:37.434Z", "end_time": "17:30:00", "status": "APPROVED", "allow_mobile": true, "allow_laptop": true, "approved_by": null, "created_at": "2025-07-15T07:13:37.435Z", "updated_at": "2025-07-15T07:14:17.119Z", "requestedByEmployee": false, "reference_employee_name": null, "reference_employee_department": null, "reference_purpose": null, "created_by": 14, "checkin_time": null, "checkout_time": null, "checkout_by_hr": false, "valid_upto": "2025-07-15", "day_1_checkin": null, "day_1_checkout": null, "day_2_checkin": null, "day_2_checkout": null, "day_3_checkin": null, "day_3_checkout": null, "day_4_checkin": null, "day_4_checkout": null, "day_5_checkin": null, "day_5_checkout": null, "day_6_checkin": null, "day_6_checkout": null, "day_7_checkin": null, "day_7_checkout": null, "day_8_checkin": null, "day_8_checkout": null, "day_9_checkin": null, "day_9_checkout": null, "day_10_checkin": null, "day_10_checkout": null, "overdue_notification_sent": false}}, {"model": "visitorapi.visitrequest", "pk": 152, "fields": {"visitor": 33, "host": 8, "purpose": "Personal Visit", "other_purpose": "", "visit_date": "2025-07-15", "start_time": "2025-07-15T07:54:21.874Z", "end_time": "17:30:00", "status": "APPROVED", "allow_mobile": true, "allow_laptop": true, "approved_by": null, "created_at": "2025-07-15T07:54:21.876Z", "updated_at": "2025-07-15T07:58:54.608Z", "requestedByEmployee": false, "reference_employee_name": null, "reference_employee_department": null, "reference_purpose": null, "created_by": 14, "checkin_time": null, "checkout_time": null, "checkout_by_hr": false, "valid_upto": "2025-07-15", "day_1_checkin": "2025-07-18T05:11:02.377Z", "day_1_checkout": null, "day_2_checkin": null, "day_2_checkout": null, "day_3_checkin": null, "day_3_checkout": null, "day_4_checkin": null, "day_4_checkout": null, "day_5_checkin": null, "day_5_checkout": null, "day_6_checkin": null, "day_6_checkout": null, "day_7_checkin": null, "day_7_checkout": null, "day_8_checkin": null, "day_8_checkout": null, "day_9_checkin": null, "day_9_checkout": null, "day_10_checkin": null, "day_10_checkout": null, "overdue_notification_sent": false}}, {"model": "visitorapi.visitrequest", "pk": 153, "fields": {"visitor": 34, "host": 6, "purpose": "Other (Specify)", "other_purpose": "for personal reasone", "visit_date": "2025-07-15", "start_time": "2025-07-15T07:56:10.052Z", "end_time": "17:30:00", "status": "APPROVED", "allow_mobile": true, "allow_laptop": false, "approved_by": null, "created_at": "2025-07-15T07:56:10.052Z", "updated_at": "2025-07-15T07:56:55.660Z", "requestedByEmployee": true, "reference_employee_name": "Ram", "reference_employee_department": "IT", "reference_purpose": "Networking", "created_by": 14, "checkin_time": null, "checkout_time": null, "checkout_by_hr": true, "valid_upto": "2025-07-18", "day_1_checkin": "2025-07-15T08:01:46.016Z", "day_1_checkout": "2025-07-17T13:36:11.768Z", "day_2_checkin": null, "day_2_checkout": null, "day_3_checkin": null, "day_3_checkout": null, "day_4_checkin": null, "day_4_checkout": null, "day_5_checkin": null, "day_5_checkout": null, "day_6_checkin": null, "day_6_checkout": null, "day_7_checkin": null, "day_7_checkout": null, "day_8_checkin": null, "day_8_checkout": null, "day_9_checkin": null, "day_9_checkout": null, "day_10_checkin": null, "day_10_checkout": null, "overdue_notification_sent": false}}, {"model": "visitorapi.visitrequest", "pk": 156, "fields": {"visitor": 1, "host": 6, "purpose": "Other (Specify)", "other_purpose": "any things", "visit_date": "2025-07-15", "start_time": "2025-07-15T08:45:06.092Z", "end_time": "17:30:00", "status": "APPROVED", "allow_mobile": true, "allow_laptop": true, "approved_by": null, "created_at": "2025-07-15T08:45:06.093Z", "updated_at": "2025-07-15T08:48:42.188Z", "requestedByEmployee": true, "reference_employee_name": "Ram", "reference_employee_department": "IT", "reference_purpose": "Networking", "created_by": 14, "checkin_time": null, "checkout_time": null, "checkout_by_hr": true, "valid_upto": "2025-07-17", "day_1_checkin": "2025-07-15T09:00:02.734Z", "day_1_checkout": "2025-07-15T09:04:00.421Z", "day_2_checkin": null, "day_2_checkout": null, "day_3_checkin": null, "day_3_checkout": null, "day_4_checkin": null, "day_4_checkout": null, "day_5_checkin": null, "day_5_checkout": null, "day_6_checkin": null, "day_6_checkout": null, "day_7_checkin": null, "day_7_checkout": null, "day_8_checkin": null, "day_8_checkout": null, "day_9_checkin": null, "day_9_checkout": null, "day_10_checkin": null, "day_10_checkout": null, "overdue_notification_sent": false}}, {"model": "visitorapi.visitrequest", "pk": 158, "fields": {"visitor": 1, "host": 6, "purpose": "Medical / Health Check", "other_purpose": "", "visit_date": "2025-07-17", "start_time": "2025-07-17T13:10:39.926Z", "end_time": "17:30:00", "status": "APPROVED", "allow_mobile": true, "allow_laptop": true, "approved_by": null, "created_at": "2025-07-17T13:10:39.928Z", "updated_at": "2025-07-17T13:11:06.882Z", "requestedByEmployee": true, "reference_employee_name": "Ram", "reference_employee_department": "IT", "reference_purpose": "Networking", "created_by": 14, "checkin_time": null, "checkout_time": null, "checkout_by_hr": false, "valid_upto": "2025-07-19", "day_1_checkin": null, "day_1_checkout": null, "day_2_checkin": null, "day_2_checkout": null, "day_3_checkin": null, "day_3_checkout": null, "day_4_checkin": null, "day_4_checkout": null, "day_5_checkin": null, "day_5_checkout": null, "day_6_checkin": null, "day_6_checkout": null, "day_7_checkin": null, "day_7_checkout": null, "day_8_checkin": null, "day_8_checkout": null, "day_9_checkin": null, "day_9_checkout": null, "day_10_checkin": null, "day_10_checkout": null, "overdue_notification_sent": false}}, {"model": "visitorapi.visitrequest", "pk": 159, "fields": {"visitor": 35, "host": 6, "purpose": "Contractor / Labor Entry", "other_purpose": "", "visit_date": "2025-07-17", "start_time": "2025-07-17T13:26:12.425Z", "end_time": "19:05:00", "status": "APPROVED", "allow_mobile": true, "allow_laptop": true, "approved_by": null, "created_at": "2025-07-17T13:26:12.426Z", "updated_at": "2025-07-17T13:26:56.531Z", "requestedByEmployee": true, "reference_employee_name": "Ram", "reference_employee_department": "IT", "reference_purpose": "Networking", "created_by": 14, "checkin_time": null, "checkout_time": null, "checkout_by_hr": false, "valid_upto": "2025-07-19", "day_1_checkin": "2025-07-17T13:33:14.324Z", "day_1_checkout": null, "day_2_checkin": null, "day_2_checkout": null, "day_3_checkin": null, "day_3_checkout": null, "day_4_checkin": null, "day_4_checkout": null, "day_5_checkin": null, "day_5_checkout": null, "day_6_checkin": null, "day_6_checkout": null, "day_7_checkin": null, "day_7_checkout": null, "day_8_checkin": null, "day_8_checkout": null, "day_9_checkin": null, "day_9_checkout": null, "day_10_checkin": null, "day_10_checkout": null, "overdue_notification_sent": false}}, {"model": "visitorapi.visitrequest", "pk": 160, "fields": {"visitor": 13, "host": 8, "purpose": "Interview", "other_purpose": "", "visit_date": "2025-07-18", "start_time": "2025-07-18T04:59:39.622Z", "end_time": "10:40:00", "status": "PENDING", "allow_mobile": true, "allow_laptop": true, "approved_by": null, "created_at": "2025-07-18T04:59:39.660Z", "updated_at": "2025-07-18T04:59:39.660Z", "requestedByEmployee": true, "reference_employee_name": "farhan shaikh ", "reference_employee_department": "IT Department ", "reference_purpose": "For Interview ", "created_by": 14, "checkin_time": null, "checkout_time": null, "checkout_by_hr": false, "valid_upto": "2025-07-18", "day_1_checkin": null, "day_1_checkout": null, "day_2_checkin": null, "day_2_checkout": null, "day_3_checkin": null, "day_3_checkout": null, "day_4_checkin": null, "day_4_checkout": null, "day_5_checkin": null, "day_5_checkout": null, "day_6_checkin": null, "day_6_checkout": null, "day_7_checkin": null, "day_7_checkout": null, "day_8_checkin": null, "day_8_checkout": null, "day_9_checkin": null, "day_9_checkout": null, "day_10_checkin": null, "day_10_checkout": null, "overdue_notification_sent": false}}, {"model": "visitorapi.visitrequest", "pk": 161, "fields": {"visitor": 13, "host": 6, "purpose": "Interview", "other_purpose": "", "visit_date": "2025-07-18", "start_time": "2025-07-18T04:59:40.394Z", "end_time": "10:40:00", "status": "APPROVED", "allow_mobile": true, "allow_laptop": true, "approved_by": null, "created_at": "2025-07-18T04:59:40.394Z", "updated_at": "2025-07-18T05:03:06.815Z", "requestedByEmployee": true, "reference_employee_name": "farhan shaikh ", "reference_employee_department": "IT Department ", "reference_purpose": "For Interview ", "created_by": 14, "checkin_time": null, "checkout_time": null, "checkout_by_hr": false, "valid_upto": "2025-07-18", "day_1_checkin": "2025-07-18T05:08:47.206Z", "day_1_checkout": null, "day_2_checkin": null, "day_2_checkout": null, "day_3_checkin": null, "day_3_checkout": null, "day_4_checkin": null, "day_4_checkout": null, "day_5_checkin": null, "day_5_checkout": null, "day_6_checkin": null, "day_6_checkout": null, "day_7_checkin": null, "day_7_checkout": null, "day_8_checkin": null, "day_8_checkout": null, "day_9_checkin": null, "day_9_checkout": null, "day_10_checkin": null, "day_10_checkout": null, "overdue_notification_sent": false}}, {"model": "visitorapi.visitrequest", "pk": 162, "fields": {"visitor": 13, "host": 6, "purpose": "Safety Training", "other_purpose": "", "visit_date": "2025-07-18", "start_time": "2025-07-18T05:13:42.028Z", "end_time": "17:30:00", "status": "APPROVED", "allow_mobile": true, "allow_laptop": true, "approved_by": null, "created_at": "2025-07-18T05:13:42.028Z", "updated_at": "2025-07-18T05:14:00.660Z", "requestedByEmployee": true, "reference_employee_name": "farhan shaikh ", "reference_employee_department": "IT Department ", "reference_purpose": "For Interview ", "created_by": 14, "checkin_time": null, "checkout_time": null, "checkout_by_hr": false, "valid_upto": "2025-07-18", "day_1_checkin": "2025-07-18T05:16:19.050Z", "day_1_checkout": null, "day_2_checkin": null, "day_2_checkout": null, "day_3_checkin": null, "day_3_checkout": null, "day_4_checkin": null, "day_4_checkout": null, "day_5_checkin": null, "day_5_checkout": null, "day_6_checkin": null, "day_6_checkout": null, "day_7_checkin": null, "day_7_checkout": null, "day_8_checkin": null, "day_8_checkout": null, "day_9_checkin": null, "day_9_checkout": null, "day_10_checkin": null, "day_10_checkout": null, "overdue_notification_sent": false}}, {"model": "visitorapi.visitorcard", "pk": 56, "fields": {"visit_request": 91, "card_number": "VC-09892226", "issued_at": "2025-07-07T23:13:27.619Z", "returned_at": null, "status": "ACTIVE", "issued_by": 6, "qr_code_image": "visitor_qrcodes/qr_VC-09892226.png", "printed": true}}, {"model": "visitorapi.visitorcard", "pk": 57, "fields": {"visit_request": 93, "card_number": "VC-04628032", "issued_at": "2025-07-07T23:13:27.889Z", "returned_at": null, "status": "ACTIVE", "issued_by": 6, "qr_code_image": "visitor_qrcodes/qr_VC-04628032.png", "printed": true}}, {"model": "visitorapi.visitorcard", "pk": 59, "fields": {"visit_request": 95, "card_number": "VC-89331684", "issued_at": "2025-07-08T08:44:51.003Z", "returned_at": null, "status": "ACTIVE", "issued_by": 6, "qr_code_image": "visitor_qrcodes/qr_VC-89331684.png", "printed": true}}, {"model": "visitorapi.visitorcard", "pk": 61, "fields": {"visit_request": 96, "card_number": "VC-37008869", "issued_at": "2025-07-08T08:54:23.763Z", "returned_at": null, "status": "ACTIVE", "issued_by": 6, "qr_code_image": "visitor_qrcodes/qr_VC-37008869.png", "printed": true}}, {"model": "visitorapi.visitorcard", "pk": 64, "fields": {"visit_request": 100, "card_number": "VC-12696582", "issued_at": "2025-07-08T11:26:47.790Z", "returned_at": null, "status": "ACTIVE", "issued_by": 6, "qr_code_image": "visitor_qrcodes/qr_VC-12696582.png", "printed": true}}, {"model": "visitorapi.visitorcard", "pk": 65, "fields": {"visit_request": 101, "card_number": "VC-53850005", "issued_at": "2025-07-08T17:47:12.380Z", "returned_at": null, "status": "ACTIVE", "issued_by": 6, "qr_code_image": "visitor_qrcodes/qr_VC-53850005.png", "printed": true}}, {"model": "visitorapi.visitorcard", "pk": 66, "fields": {"visit_request": 102, "card_number": "VC-41694519", "issued_at": "2025-07-08T18:56:16.916Z", "returned_at": null, "status": "ACTIVE", "issued_by": 6, "qr_code_image": "visitor_qrcodes/qr_VC-41694519.png", "printed": true}}, {"model": "visitorapi.visitorcard", "pk": 67, "fields": {"visit_request": 103, "card_number": "VC-62218292", "issued_at": "2025-07-09T04:50:59.285Z", "returned_at": null, "status": "ACTIVE", "issued_by": 6, "qr_code_image": "visitor_qrcodes/qr_VC-62218292.png", "printed": true}}, {"model": "visitorapi.visitorcard", "pk": 68, "fields": {"visit_request": 104, "card_number": "VC-56784699", "issued_at": "2025-07-09T05:48:42.906Z", "returned_at": null, "status": "ACTIVE", "issued_by": 6, "qr_code_image": "visitor_qrcodes/qr_VC-56784699.png", "printed": true}}, {"model": "visitorapi.visitorcard", "pk": 69, "fields": {"visit_request": 105, "card_number": "VC-48268582", "issued_at": "2025-07-09T06:32:23.987Z", "returned_at": null, "status": "ACTIVE", "issued_by": null, "qr_code_image": "visitor_qrcodes/qr_VC-48268582.png", "printed": true}}, {"model": "visitorapi.visitorcard", "pk": 70, "fields": {"visit_request": 106, "card_number": "VC-30848712", "issued_at": "2025-07-09T08:36:38.652Z", "returned_at": null, "status": "ACTIVE", "issued_by": 6, "qr_code_image": "visitor_qrcodes/qr_VC-30848712.png", "printed": true}}, {"model": "visitorapi.visitorcard", "pk": 72, "fields": {"visit_request": 99, "card_number": "VC-50505791", "issued_at": "2025-07-09T15:47:02.173Z", "returned_at": null, "status": "ACTIVE", "issued_by": 8, "qr_code_image": "visitor_qrcodes/qr_VC-50505791.png", "printed": true}}, {"model": "visitorapi.visitorcard", "pk": 74, "fields": {"visit_request": 109, "card_number": "VC-72496107", "issued_at": "2025-07-10T05:01:11.297Z", "returned_at": null, "status": "ACTIVE", "issued_by": 6, "qr_code_image": "visitor_qrcodes/qr_VC-72496107.png", "printed": true}}, {"model": "visitorapi.visitorcard", "pk": 75, "fields": {"visit_request": 116, "card_number": "VC-12321553", "issued_at": "2025-07-10T06:36:26.957Z", "returned_at": null, "status": "ACTIVE", "issued_by": 6, "qr_code_image": "visitor_qrcodes/qr_VC-12321553.png", "printed": true}}, {"model": "visitorapi.visitorcard", "pk": 76, "fields": {"visit_request": 114, "card_number": "VC-71586900", "issued_at": "2025-07-11T06:53:04.529Z", "returned_at": null, "status": "ACTIVE", "issued_by": 8, "qr_code_image": "visitor_qrcodes/qr_VC-71586900.png", "printed": true}}, {"model": "visitorapi.visitorcard", "pk": 78, "fields": {"visit_request": 131, "card_number": "VC-57948482", "issued_at": "2025-07-13T13:14:34.370Z", "returned_at": null, "status": "ACTIVE", "issued_by": 6, "qr_code_image": "visitor_qrcodes/qr_VC-57948482.png", "printed": true}}, {"model": "visitorapi.visitorcard", "pk": 79, "fields": {"visit_request": 132, "card_number": "VC-78613443", "issued_at": "2025-07-13T13:33:29.748Z", "returned_at": null, "status": "ACTIVE", "issued_by": 6, "qr_code_image": "visitor_qrcodes/qr_VC-78613443.png", "printed": false}}, {"model": "visitorapi.visitorcard", "pk": 80, "fields": {"visit_request": 133, "card_number": "VC-78148733", "issued_at": "2025-07-13T13:44:52.524Z", "returned_at": null, "status": "ACTIVE", "issued_by": 8, "qr_code_image": "visitor_qrcodes/qr_VC-78148733.png", "printed": true}}, {"model": "visitorapi.visitorcard", "pk": 81, "fields": {"visit_request": 135, "card_number": "VC-27390599", "issued_at": "2025-07-13T14:02:34.525Z", "returned_at": null, "status": "ACTIVE", "issued_by": 8, "qr_code_image": "visitor_qrcodes/qr_VC-27390599.png", "printed": false}}, {"model": "visitorapi.visitorcard", "pk": 82, "fields": {"visit_request": 136, "card_number": "VC-60272959", "issued_at": "2025-07-13T14:16:55.702Z", "returned_at": null, "status": "ACTIVE", "issued_by": 8, "qr_code_image": "visitor_qrcodes/qr_VC-60272959.png", "printed": false}}, {"model": "visitorapi.visitorcard", "pk": 83, "fields": {"visit_request": 110, "card_number": "VC-43674237", "issued_at": "2025-07-14T08:01:36.194Z", "returned_at": null, "status": "ACTIVE", "issued_by": 6, "qr_code_image": "visitor_qrcodes/qr_VC-43674237.png", "printed": true}}, {"model": "visitorapi.visitorcard", "pk": 84, "fields": {"visit_request": 143, "card_number": "VC-04886805", "issued_at": "2025-07-14T10:07:15.329Z", "returned_at": null, "status": "ACTIVE", "issued_by": 8, "qr_code_image": "visitor_qrcodes/qr_VC-04886805.png", "printed": true}}, {"model": "visitorapi.visitorcard", "pk": 86, "fields": {"visit_request": 145, "card_number": "VC-05724820", "issued_at": "2025-07-14T10:22:41.573Z", "returned_at": null, "status": "ACTIVE", "issued_by": 6, "qr_code_image": "visitor_qrcodes/qr_VC-05724820.png", "printed": false}}, {"model": "visitorapi.visitorcard", "pk": 87, "fields": {"visit_request": 146, "card_number": "VC-31787252", "issued_at": "2025-07-14T16:37:08.981Z", "returned_at": null, "status": "ACTIVE", "issued_by": 6, "qr_code_image": "visitor_qrcodes/qr_VC-31787252.png", "printed": false}}, {"model": "visitorapi.visitorcard", "pk": 88, "fields": {"visit_request": 147, "card_number": "VC-54186120", "issued_at": "2025-07-14T17:34:19.266Z", "returned_at": null, "status": "ACTIVE", "issued_by": 8, "qr_code_image": "visitor_qrcodes/qr_VC-54186120.png", "printed": true}}, {"model": "visitorapi.visitorcard", "pk": 90, "fields": {"visit_request": 150, "card_number": "VC-42007142", "issued_at": "2025-07-15T04:48:49.412Z", "returned_at": null, "status": "ACTIVE", "issued_by": 6, "qr_code_image": "visitor_qrcodes/qr_VC-42007142.png", "printed": true}}, {"model": "visitorapi.visitorcard", "pk": 91, "fields": {"visit_request": 151, "card_number": "VC-28182392", "issued_at": "2025-07-15T07:16:45.820Z", "returned_at": null, "status": "ACTIVE", "issued_by": 6, "qr_code_image": "visitor_qrcodes/qr_VC-28182392.png", "printed": false}}, {"model": "visitorapi.visitorcard", "pk": 92, "fields": {"visit_request": 153, "card_number": "VC-70937879", "issued_at": "2025-07-15T08:01:08.345Z", "returned_at": null, "status": "ACTIVE", "issued_by": 8, "qr_code_image": "visitor_qrcodes/qr_VC-70937879.png", "printed": true}}, {"model": "visitorapi.visitorcard", "pk": 93, "fields": {"visit_request": 156, "card_number": "VC-06694275", "issued_at": "2025-07-15T08:59:10.188Z", "returned_at": null, "status": "ACTIVE", "issued_by": 8, "qr_code_image": "visitor_qrcodes/qr_VC-06694275.png", "printed": true}}, {"model": "visitorapi.visitorcard", "pk": 94, "fields": {"visit_request": 158, "card_number": "VC-32605637", "issued_at": "2025-07-17T13:12:20.779Z", "returned_at": null, "status": "ACTIVE", "issued_by": 6, "qr_code_image": "visitor_qrcodes/qr_VC-32605637.png", "printed": false}}, {"model": "visitorapi.visitorcard", "pk": 95, "fields": {"visit_request": 159, "card_number": "VC-74553391", "issued_at": "2025-07-17T13:31:41.786Z", "returned_at": null, "status": "ACTIVE", "issued_by": 8, "qr_code_image": "visitor_qrcodes/qr_VC-74553391.png", "printed": true}}, {"model": "visitorapi.visitorcard", "pk": 96, "fields": {"visit_request": 161, "card_number": "VC-56741771", "issued_at": "2025-07-18T05:08:14.439Z", "returned_at": null, "status": "ACTIVE", "issued_by": 6, "qr_code_image": "visitor_qrcodes/qr_VC-56741771.png", "printed": true}}, {"model": "visitorapi.visitorcard", "pk": 97, "fields": {"visit_request": 152, "card_number": "VC-31939257", "issued_at": "2025-07-18T05:10:44.957Z", "returned_at": null, "status": "ACTIVE", "issued_by": 6, "qr_code_image": "visitor_qrcodes/qr_VC-31939257.png", "printed": true}}, {"model": "visitorapi.visitorcard", "pk": 98, "fields": {"visit_request": 162, "card_number": "VC-43348220", "issued_at": "2025-07-18T05:15:52.205Z", "returned_at": null, "status": "ACTIVE", "issued_by": 6, "qr_code_image": "visitor_qrcodes/qr_VC-43348220.png", "printed": true}}]